variant,training_seed,node_index,outside_range_fraction,lower_violation_fraction,upper_violation_fraction,mean_violation
ekf_random,0,0,0.869,0.869,0.0,0.12803394875124427
ekf_random,0,1,0.842,0.842,0.0,0.13147258339428883
ekf_random,0,2,0.838,0.838,0.0,0.1327958155535713
ekf_random,0,3,0.839,0.839,0.0,0.13217400261345255
ekf_random,0,4,0.839,0.839,0.0,0.13219629919708387
ekf_random,0,5,0.858,0.858,0.0,0.12909041070179902
ekf_random,0,6,0.85,0.85,0.0,0.13253119448993503
ekf_random,0,7,0.949,0.949,0.0,0.12353146444425214
ekf_random,0,8,0.862,0.862,0.0,0.12876364891658285
ekf_random,0,9,0.862,0.862,0.0,0.12927384062138259
ekf_random,0,10,1.0,1.0,0.0,0.30000000000000565
ekf_random,0,11,0.956,0.956,0.0,0.12400149251893129
ekf_random,0,12,0.864,0.864,0.0,0.13034275797997008
ekf_random,0,13,0.955,0.955,0.0,0.12368872454962225
ekf_random,0,14,0.968,0.968,0.0,0.12193093514097654
ekf_random,0,15,0.903,0.903,0.0,0.12439468579566769
ekf_random,0,16,0.951,0.951,0.0,0.12534025660921497
ekf_random,0,17,0.836,0.836,0.0,0.13207337888843468
ekf_random,0,18,0.921,0.921,0.0,0.12595725795850643
ekf_random,0,19,1.0,1.0,0.0,0.2999964878358643
ekf_random,0,20,0.844,0.844,0.0,0.1311315086898645
ekf_random,0,21,0.936,0.936,0.0,0.12731641917230788
ekf_random,0,22,0.892,0.892,0.0,0.1257796665764211
ekf_random,0,23,0.921,0.921,0.0,0.12570267759582862
ekf_random,0,24,0.929,0.929,0.0,0.12364695181837314
ekf_random,0,25,0.896,0.896,0.0,0.12569236825767457
ekf_random,0,26,0.969,0.969,0.0,0.12080332924460369
ekf_random,0,27,0.836,0.836,0.0,0.13222776553528195
ekf_random,0,28,0.847,0.847,0.0,0.13219725446680672
ekf_random,0,29,0.907,0.907,0.0,0.12701514882294704
ekf_random,0,30,0.93,0.93,0.0,0.12326165340770248
ekf_random,0,31,0.844,0.844,0.0,0.13102589643179355
ekf_random,0,32,0.929,0.929,0.0,0.12367726987850058
ekf_random,0,33,0.944,0.944,0.0,0.12235773405969623
ekf_random,0,34,0.967,0.967,0.0,0.12102047284148773
ekf_random,0,35,0.869,0.869,0.0,0.12733582313782477
ekf_random,0,36,0.881,0.881,0.0,0.12554556482830423
ekf_random,0,37,0.87,0.87,0.0,0.12738411588929233
ekf_random,0,38,0.876,0.876,0.0,0.12605928695909147
ekf_random,0,39,0.837,0.837,0.0,0.13182423649924932
ekf_random,0,40,0.909,0.909,0.0,0.12417113911357766
ekf_random,0,41,0.97,0.97,0.0,0.12088271408131367
ekf_random,0,42,0.903,0.903,0.0,0.12487823040531564
ekf_random,0,43,1.0,1.0,0.0,0.2999998241901366
ekf_random,0,44,0.964,0.964,0.0,0.12158578708500782
ekf_random,0,45,0.926,0.926,0.0,0.1233281909681427
ekf_random,0,46,0.864,0.864,0.0,0.12839188542011054
ekf_random,0,47,0.96,0.96,0.0,0.12134538203266607
ekf_random,0,48,0.839,0.839,0.0,0.13173061155222104
ekf_random,0,49,1.0,1.0,0.0,0.29999965421370695
ekf_random,0,50,0.839,0.839,0.0,0.13167657645593384
ekf_random,0,51,0.921,0.921,0.0,0.12467494788569708
ekf_random,0,52,0.915,0.915,0.0,0.12367777373420706
ekf_random,0,53,0.837,0.837,0.0,0.13214879214703137
ekf_random,0,54,0.839,0.839,0.0,0.1316309670645365
ekf_random,0,55,0.92,0.92,0.0,0.12238886760157522
ekf_random,0,56,0.841,0.841,0.0,0.1341898851833488
ekf_random,0,57,0.923,0.923,0.0,0.12469106339217283
ekf_random,0,58,0.931,0.931,0.0,0.12295875948280385
ekf_random,0,59,0.837,0.837,0.0,0.13184528857735364
ekf_random,0,60,0.912,0.912,0.0,0.12347314197019088
ekf_random,0,61,0.894,0.894,0.0,0.12533996677806664
ekf_random,0,62,0.864,0.864,0.0,0.13019071332164744
ekf_random,0,63,0.839,0.839,0.0,0.13117604726827303
ekf_random,0,64,0.867,0.867,0.0,0.12945847384314438
ekf_random,0,65,0.907,0.907,0.0,0.12404282661816207
ekf_random,0,66,0.91,0.91,0.0,0.124055528265104
ekf_random,0,67,0.929,0.929,0.0,0.12292218056314508
ekf_random,0,68,0.867,0.867,0.0,0.12734455966771582
ekf_random,0,69,0.836,0.836,0.0,0.13212999463479816
ekf_random,0,70,0.887,0.887,0.0,0.12518429955714902
ekf_random,0,71,0.922,0.922,0.0,0.12448856723647908
ekf_random,0,72,0.894,0.894,0.0,0.12487448196627389
ekf_random,0,73,0.908,0.908,0.0,0.12375997302772186
ekf_random,0,74,0.871,0.871,0.0,0.12952504672289292
ekf_random,0,75,0.913,0.913,0.0,0.12441901249679731
ekf_random,0,76,0.913,0.913,0.0,0.12451081282929116
ekf_random,0,77,0.88,0.88,0.0,0.12574545890957492
ekf_random,0,78,0.888,0.888,0.0,0.12478332829011628
ekf_random,0,79,0.855,0.855,0.0,0.1291387961957039
ekf_random,0,80,0.962,0.962,0.0,0.121185143019811
ekf_random,0,81,0.938,0.938,0.0,0.12323954263880507
ekf_random,0,82,0.918,0.918,0.0,0.12252088753393915
ekf_random,0,83,0.957,0.957,0.0,0.12168576142717503
ekf_random,0,84,0.857,0.857,0.0,0.12901687182716295
ekf_random,0,85,0.879,0.879,0.0,0.12862730803062147
ekf_random,0,86,0.93,0.93,0.0,0.12414197285926651
ekf_random,0,87,0.842,0.842,0.0,0.1322716426802191
ekf_random,0,88,0.921,0.921,0.0,0.1225228162631795
ekf_random,0,89,0.85,0.85,0.0,0.12951945744514928
ekf_random,0,90,0.909,0.909,0.0,0.12474859841424053
ekf_random,0,91,0.933,0.933,0.0,0.12585155087507607
ekf_random,0,92,0.952,0.952,0.0,0.12187314980937809
ekf_random,0,93,0.952,0.952,0.0,0.12187981401822676
ekf_random,0,94,0.918,0.918,0.0,0.12329231424854069
ekf_random,0,95,0.945,0.945,0.0,0.1223638916346678
ekf_random,0,96,0.961,0.961,0.0,0.12176922397854398
ekf_random,0,97,0.838,0.838,0.0,0.1325445119187307
ekf_random,0,98,0.857,0.857,0.0,0.12995993408908973
ekf_random,0,99,0.902,0.902,0.0,0.12339669136428888
ekf_random,0,100,0.926,0.926,0.0,0.12245950866868663
ekf_random,0,101,0.912,0.912,0.0,0.12329970173869914
ekf_random,0,102,0.838,0.838,0.0,0.13127170223997964
ekf_random,0,103,0.916,0.916,0.0,0.12509836041489736
ekf_random,0,104,0.918,0.918,0.0,0.12392555841727661
ekf_random,0,105,0.876,0.876,0.0,0.12852368356933033
ekf_random,0,106,0.962,0.962,0.0,0.11992418317264388
ekf_random,0,107,0.931,0.931,0.0,0.12587774417947473
ekf_random,0,108,0.968,0.968,0.0,0.12028773938116778
ekf_random,0,109,0.916,0.916,0.0,0.1257176136958315
ekf_random,0,110,0.933,0.933,0.0,0.12206068722897126
ekf_random,0,111,0.835,0.835,0.0,0.13211938833211975
ekf_random,0,112,0.955,0.955,0.0,0.11953081629609694
ekf_random,0,113,0.917,0.917,0.0,0.12453476637390687
ekf_random,0,114,0.95,0.95,0.0,0.12176322636261726
ekf_random,0,115,0.967,0.967,0.0,0.12031175503577365
ekf_random,0,116,0.949,0.949,0.0,0.12181847465426152
ekf_random,0,117,0.909,0.909,0.0,0.12507692163715683
ekf_random,0,118,0.835,0.835,0.0,0.13222165831512794
ekf_random,0,119,0.868,0.868,0.0,0.128995819090893
ekf_random,0,120,0.969,0.969,0.0,0.12212860502111604
ekf_random,0,121,0.885,0.885,0.0,0.12578084004894088
ekf_random,0,122,0.955,0.955,0.0,0.12176170943410837
ekf_random,0,123,0.951,0.951,0.0,0.11888628263932845
ekf_random,0,124,0.915,0.915,0.0,0.12247242005637671
ekf_random,0,125,0.943,0.943,0.0,0.12192861666348262
ekf_random,0,126,0.916,0.916,0.0,0.12351684946750373
ekf_random,0,127,0.956,0.956,0.0,0.12109309304453925
ekf_random,0,128,0.835,0.835,0.0,0.13222645353750825
ekf_random,0,129,0.95,0.95,0.0,0.12144771853953304
ekf_random,0,130,0.84,0.84,0.0,0.13176906981419895
ekf_random,0,131,0.911,0.911,0.0,0.12524138985406189
ekf_random,0,132,0.869,0.869,0.0,0.12822943779311638
ekf_random,0,133,0.958,0.958,0.0,0.12031772109475286
ekf_random,0,134,0.853,0.853,0.0,0.13155864302987375
ekf_random,0,135,0.841,0.841,0.0,0.131677671742061
ekf_random,0,136,0.854,0.854,0.0,0.1326439942018382
ekf_random,0,137,0.941,0.941,0.0,0.12027891946451648
ekf_random,0,138,0.944,0.944,0.0,0.11947369041852442
ekf_random,0,139,0.941,0.941,0.0,0.1194599078908781
ekf_random,0,140,0.942,0.942,0.0,0.11974261554892444
ekf_random,0,141,0.85,0.85,0.0,0.1302971693216454
ekf_random,0,142,0.848,0.848,0.0,0.1302445786054416
ekf_random,0,143,0.915,0.915,0.0,0.12372332415615683
ekf_random,0,144,0.884,0.884,0.0,0.1250203370152849
ekf_random,0,145,0.869,0.869,0.0,0.12939192262490173
ekf_random,0,146,0.859,0.859,0.0,0.13028779998225176
ekf_random,0,147,0.918,0.918,0.0,0.16855756311191752
ekf_random,0,148,0.853,0.853,0.0,0.13149205352933116
ekf_random,0,149,0.941,0.941,0.0,0.1194741835657977
ekf_random,0,150,0.934,0.934,0.0,0.12245788945900335
ekf_random,0,151,0.835,0.835,0.0,0.1322285181354715
ekf_random,0,152,0.914,0.914,0.0,0.123733119966002
ekf_random,0,153,0.94,0.94,0.0,0.12209058285840756
ekf_random,0,154,0.853,0.853,0.0,0.13300315246554748
ekf_random,0,155,0.851,0.851,0.0,0.1313236622146771
ekf_random,0,156,0.947,0.947,0.0,0.12011807503525113
ekf_random,0,157,0.892,0.892,0.0,0.12399573325760632
ekf_random,0,158,0.835,0.835,0.0,0.1322284970040362
ekf_random,0,159,0.94,0.94,0.0,0.1196933929645369
ekf_random,0,160,0.842,0.842,0.0,0.1318102657530382
ekf_random,0,161,0.835,0.835,0.0,0.13222849124819247
ekf_random,0,162,0.835,0.835,0.0,0.13222845300495303
ekf_random,0,163,0.874,0.874,0.0,0.1309427752452005
ekf_random,0,164,0.897,0.897,0.0,0.12359604935730845
ekf_random,0,165,0.901,0.901,0.0,0.12336417044936909
ekf_random,0,166,0.889,0.889,0.0,0.12473761340077266
ekf_random,0,167,0.835,0.835,0.0,0.1322025867003882
ekf_random,0,168,0.902,0.902,0.0,0.12328399721652018
ekf_random,0,169,0.835,0.835,0.0,0.13218877165278056
ekf_random,0,170,0.835,0.835,0.0,0.13221145915502508
ekf_random,0,171,0.912,0.912,0.0,0.12320822122238373
ekf_random,0,172,0.835,0.835,0.0,0.1322070207581004
ekf_random,0,173,0.835,0.835,0.0,0.1321954912973501
ekf_random,0,174,0.835,0.835,0.0,0.13221157705388994
ekf_random,0,175,0.86,0.86,0.0,0.12912786539225912
ekf_random,0,176,0.865,0.865,0.0,0.12962447254351706
ekf_random,0,177,0.891,0.891,0.0,0.12635226600577473
ekf_random,0,178,0.837,0.837,0.0,0.13177214164097323
ekf_random,0,179,0.846,0.846,0.0,0.13024511422428567
ekf_random,0,180,0.845,0.845,0.0,0.13019963958618566
ekf_random,0,181,0.847,0.847,0.0,0.12998818880983437
ekf_random,0,182,0.926,0.926,0.0,0.12106797503094228
ekf_random,0,183,0.916,0.916,0.0,0.12130977095126647
ekf_random,0,184,0.916,0.916,0.0,0.12129719305778912
ekf_random,0,185,0.858,0.858,0.0,0.12863723980727718
ekf_random,0,186,0.835,0.835,0.0,0.132188474585951
ekf_random,0,187,0.898,0.898,0.0,0.12292009562461313
ekf_random,0,188,0.837,0.837,0.0,0.1317951149195427
ekf_random,0,189,0.919,0.919,0.0,0.12324109668179063
ekf_random,0,190,0.863,0.863,0.0,0.12826561186589833
ekf_random,0,191,0.859,0.859,0.0,0.12818971010034677
ekf_random,0,192,0.908,0.908,0.0,0.12191378816884153
ekf_random,0,193,0.871,0.871,0.0,0.12814394678544447
ekf_random,0,194,0.87,0.87,0.0,0.12726862482681897
ekf_random,0,195,0.905,0.905,0.0,0.1250370142266081
ekf_random,0,196,0.866,0.866,0.0,0.1285584527812826
ekf_random,0,197,0.849,0.849,0.0,0.12973636792676227
ekf_random,0,198,0.859,0.859,0.0,0.12811893467696112
ekf_random,0,199,0.869,0.869,0.0,0.1281724486292767
ekf_random,0,200,0.906,0.906,0.0,0.12494277578247297
ekf_random,0,201,0.852,0.852,0.0,0.12921310404874942
ekf_random,0,202,0.873,0.873,0.0,0.12796435975844725
ekf_random,0,203,0.906,0.906,0.0,0.12500054025801582
ekf_random,0,204,0.903,0.903,0.0,0.1252564650212266
ekf_random,0,205,0.882,0.882,0.0,0.12465217462417418
ekf_random,0,206,0.864,0.864,0.0,0.12883759079003723
ekf_random,0,207,0.896,0.896,0.0,0.1240495999407493
ekf_random,0,208,0.915,0.915,0.0,0.12329611651389079
ekf_random,0,209,0.871,0.871,0.0,0.12791321088681193
ekf_random,0,210,0.879,0.879,0.0,0.1265009581504042
ekf_random,0,211,0.906,0.906,0.0,0.12750369228422817
ekf_random,0,212,0.908,0.908,0.0,0.12712547741372177
ekf_random,0,213,0.878,0.878,0.0,0.12755864687706261
ekf_random,0,214,1.0,1.0,0.0,0.299998640028172
ekf_random,0,215,0.851,0.851,0.0,0.12968377062581662
ekf_random,0,216,0.895,0.895,0.0,0.12489916243329444
ekf_random,0,217,0.879,0.879,0.0,0.12778346862961876
ekf_random,0,218,0.849,0.849,0.0,0.13009604012799908
ekf_random,0,219,0.905,0.905,0.0,0.12632498022242059
ekf_random,0,220,0.905,0.905,0.0,0.12423503262352949
ekf_random,0,221,0.861,0.861,0.0,0.12754323716489754
ekf_random,0,222,0.835,0.835,0.0,0.1324568479855466
ekf_random,0,223,0.863,0.863,0.0,0.12789107256863508
ekf_random,0,224,0.891,0.891,0.0,0.1261355895159124
ekf_random,0,225,0.861,0.861,0.0,0.12764418304840988
ekf_random,0,226,0.868,0.868,0.0,0.12858609750583727
ekf_random,0,227,0.874,0.874,0.0,0.12737806184798087
ekf_random,0,228,0.894,0.894,0.0,0.12643252032562927
ekf_random,0,229,0.905,0.905,0.0,0.12378023465664117
ekf_random,0,230,0.906,0.906,0.0,0.12433843667808253
ekf_random,0,231,0.86,0.86,0.0,0.1302389743519388
ekf_random,0,232,0.902,0.902,0.0,0.12414277852262758
ekf_random,0,233,0.864,0.864,0.0,0.12887779990102724
ekf_random,0,234,0.901,0.901,0.0,0.12420613690057991
ekf_random,0,235,0.879,0.879,0.0,0.12542282412737066
ekf_random,0,236,0.876,0.876,0.0,0.12584490198333864
ekf_random,0,237,0.864,0.864,0.0,0.12841229273161714
ekf_random,0,238,0.863,0.863,0.0,0.1290321247013204
ekf_random,0,239,0.872,0.872,0.0,0.12734518312879153
ekf_random,0,240,0.865,0.865,0.0,0.1281182005627462
ekf_random,0,241,0.874,0.874,0.0,0.1270159757146733
ekf_random,0,242,0.874,0.874,0.0,0.12696782724276215
ekf_random,0,243,0.861,0.861,0.0,0.12878106035769749
ekf_random,0,244,0.879,0.879,0.0,0.12721676175207414
ekf_random,0,245,0.863,0.863,0.0,0.12851750853515762
ekf_random,0,246,0.864,0.864,0.0,0.1283963266949162
ekf_random,0,247,1.0,1.0,0.0,0.2999995321209408
ekf_random,0,248,0.877,0.877,0.0,0.1269340856391665
ekf_random,0,249,0.931,0.931,0.0,0.12295875948280385
ekf_random,0,250,0.835,0.835,0.0,0.13222851999651059
ekf_random,0,251,0.835,0.835,0.0,0.13222851999651059
ekf_random,1,0,0.059,0.059,0.0,0.010350350381326581
ekf_random,1,1,0.059,0.059,0.0,0.011204971651696866
ekf_random,1,2,0.059,0.059,0.0,0.011655891733548075
ekf_random,1,3,0.059,0.059,0.0,0.011337661708270639
ekf_random,1,4,0.059,0.059,0.0,0.011311137264164158
ekf_random,1,5,0.061,0.061,0.0,0.01134543895029584
ekf_random,1,6,0.069,0.069,0.0,0.013448582604750126
ekf_random,1,7,0.084,0.084,0.0,0.015170256018751658
ekf_random,1,8,0.058,0.058,0.0,0.010423534346140174
ekf_random,1,9,0.06,0.06,0.0,0.011083635702540357
ekf_random,1,10,1.0,1.0,0.0,0.30000000000000565
ekf_random,1,11,0.087,0.087,0.0,0.015082853203447492
ekf_random,1,12,0.062,0.062,0.0,0.011891372576408744
ekf_random,1,13,0.086,0.086,0.0,0.014780956674670309
ekf_random,1,14,0.085,0.085,0.0,0.01536143505317275
ekf_random,1,15,0.064,0.064,0.0,0.010681266941179494
ekf_random,1,16,0.09,0.09,0.0,0.017089992711105666
ekf_random,1,17,0.056,0.056,0.0,0.010451469310178253
ekf_random,1,18,0.082,0.082,0.0,0.015154413817366678
ekf_random,1,19,1.0,1.0,0.0,0.299996151732851
ekf_random,1,20,0.061,0.061,0.0,0.011759655203507647
ekf_random,1,21,0.09,0.09,0.0,0.017838591774951583
ekf_random,1,22,0.063,0.063,0.0,0.011004579031725066
ekf_random,1,23,0.08,0.08,0.0,0.0148819938674427
ekf_random,1,24,0.075,0.075,0.0,0.013289669344533583
ekf_random,1,25,0.063,0.063,0.0,0.010977520206301477
ekf_random,1,26,0.081,0.081,0.0,0.014219167383484343
ekf_random,1,27,0.057,0.057,0.0,0.010764769921585288
ekf_random,1,28,0.065,0.065,0.0,0.012978023238096114
ekf_random,1,29,0.077,0.077,0.0,0.01457658709645827
ekf_random,1,30,0.071,0.071,0.0,0.012351376295327413
ekf_random,1,31,0.061,0.061,0.0,0.011765689894056314
ekf_random,1,32,0.07,0.07,0.0,0.012452694506048566
ekf_random,1,33,0.076,0.076,0.0,0.01294527913573806
ekf_random,1,34,0.084,0.084,0.0,0.014462860280828159
ekf_random,1,35,0.062,0.062,0.0,0.010606949321341272
ekf_random,1,36,0.062,0.062,0.0,0.010756160057298396
ekf_random,1,37,0.063,0.063,0.0,0.011864922982199133
ekf_random,1,38,0.06,0.06,0.0,0.010781479168298963
ekf_random,1,39,0.056,0.056,0.0,0.010405454433548709
ekf_random,1,40,0.067,0.067,0.0,0.010961717101509944
ekf_random,1,41,0.082,0.082,0.0,0.01394574667885375
ekf_random,1,42,0.065,0.065,0.0,0.011097337107588688
ekf_random,1,43,1.0,1.0,0.0,0.29999982501152506
ekf_random,1,44,0.079,0.079,0.0,0.013126474529384584
ekf_random,1,45,0.071,0.071,0.0,0.012141041756255393
ekf_random,1,46,0.057,0.057,0.0,0.010079641139695176
ekf_random,1,47,0.079,0.079,0.0,0.013045187989218651
ekf_random,1,48,0.056,0.056,0.0,0.010390747442133915
ekf_random,1,49,1.0,1.0,0.0,0.299999655829234
ekf_random,1,50,0.056,0.056,0.0,0.010382276819759152
ekf_random,1,51,0.075,0.075,0.0,0.013905759606888318
ekf_random,1,52,0.068,0.068,0.0,0.011361144927542364
ekf_random,1,53,0.056,0.056,0.0,0.010751381327202186
ekf_random,1,54,0.056,0.056,0.0,0.010375186548938781
ekf_random,1,55,0.062,0.062,0.0,0.009992831757793828
ekf_random,1,56,0.069,0.069,0.0,0.014081834040041357
ekf_random,1,57,0.076,0.076,0.0,0.01379786957710193
ekf_random,1,58,0.07,0.07,0.0,0.012058054300271796
ekf_random,1,59,0.056,0.056,0.0,0.010409115500279826
ekf_random,1,60,0.067,0.067,0.0,0.011114382401634473
ekf_random,1,61,0.068,0.068,0.0,0.012125570634451131
ekf_random,1,62,0.066,0.066,0.0,0.013399832357718768
ekf_random,1,63,0.057,0.057,0.0,0.01067278536696374
ekf_random,1,64,0.068,0.068,0.0,0.013252422166613027
ekf_random,1,65,0.065,0.065,0.0,0.011199088068578571
ekf_random,1,66,0.065,0.065,0.0,0.01115773901313117
ekf_random,1,67,0.07,0.07,0.0,0.012069327778843522
ekf_random,1,68,0.056,0.056,0.0,0.010097295355802217
ekf_random,1,69,0.056,0.056,0.0,0.01045794380524941
ekf_random,1,70,0.058,0.058,0.0,0.009730767092339419
ekf_random,1,71,0.075,0.075,0.0,0.013386967577102428
ekf_random,1,72,0.059,0.059,0.0,0.009728385869654615
ekf_random,1,73,0.066,0.066,0.0,0.01060696575060668
ekf_random,1,74,0.065,0.065,0.0,0.013163107496684675
ekf_random,1,75,0.069,0.069,0.0,0.01210439064369122
ekf_random,1,76,0.069,0.069,0.0,0.0120700245889589
ekf_random,1,77,0.059,0.059,0.0,0.010083286955913422
ekf_random,1,78,0.06,0.06,0.0,0.010240610463651049
ekf_random,1,79,0.058,0.058,0.0,0.010799603443408802
ekf_random,1,80,0.077,0.077,0.0,0.012595725962356445
ekf_random,1,81,0.077,0.077,0.0,0.012861745615709559
ekf_random,1,82,0.063,0.063,0.0,0.00999620882430538
ekf_random,1,83,0.078,0.078,0.0,0.012746192238154874
ekf_random,1,84,0.057,0.057,0.0,0.010265908204706934
ekf_random,1,85,0.067,0.067,0.0,0.01283136161184576
ekf_random,1,86,0.076,0.076,0.0,0.013439710194198056
ekf_random,1,87,0.063,0.063,0.0,0.01244907671790823
ekf_random,1,88,0.063,0.063,0.0,0.010015165022902846
ekf_random,1,89,0.057,0.057,0.0,0.010375971922288823
ekf_random,1,90,0.071,0.071,0.0,0.012448466004209277
ekf_random,1,91,0.079,0.079,0.0,0.01448155812973787
ekf_random,1,92,0.077,0.077,0.0,0.01216261972577665
ekf_random,1,93,0.077,0.077,0.0,0.012158255766249045
ekf_random,1,94,0.063,0.063,0.0,0.010452407537079671
ekf_random,1,95,0.069,0.069,0.0,0.01151102407235875
ekf_random,1,96,0.078,0.078,0.0,0.012644225623846185
ekf_random,1,97,0.074,0.074,0.0,0.015523012204827007
ekf_random,1,98,0.064,0.064,0.0,0.011678625944586457
ekf_random,1,99,0.062,0.062,0.0,0.010402884060093782
ekf_random,1,100,0.066,0.066,0.0,0.010444744258260235
ekf_random,1,101,0.062,0.062,0.0,0.010358656690095992
ekf_random,1,102,0.056,0.056,0.0,0.010421952163799859
ekf_random,1,103,0.072,0.072,0.0,0.013364684467850503
ekf_random,1,104,0.066,0.066,0.0,0.011341044482000903
ekf_random,1,105,0.066,0.066,0.0,0.012513747254945544
ekf_random,1,106,0.074,0.074,0.0,0.011706185881857407
ekf_random,1,107,0.08,0.08,0.0,0.01549323390839635
ekf_random,1,108,0.076,0.076,0.0,0.012162545924486482
ekf_random,1,109,0.072,0.072,0.0,0.013561072539294903
ekf_random,1,110,0.077,0.077,0.0,0.014343741996976552
ekf_random,1,111,0.056,0.056,0.0,0.010467643631764865
ekf_random,1,112,0.071,0.071,0.0,0.011399460396539437
ekf_random,1,113,0.067,0.067,0.0,0.011641771393308029
ekf_random,1,114,0.075,0.075,0.0,0.011946918084191752
ekf_random,1,115,0.078,0.078,0.0,0.012546826931939398
ekf_random,1,116,0.074,0.074,0.0,0.011969252356497762
ekf_random,1,117,0.07,0.07,0.0,0.012424904275197218
ekf_random,1,118,0.056,0.056,0.0,0.010172955623493348
ekf_random,1,119,0.064,0.064,0.0,0.012308076449958084
ekf_random,1,120,0.086,0.086,0.0,0.014774886760121196
ekf_random,1,121,0.061,0.061,0.0,0.010557097849032554
ekf_random,1,122,0.078,0.078,0.0,0.013555114596375163
ekf_random,1,123,0.07,0.07,0.0,0.011093639623940001
ekf_random,1,124,0.065,0.065,0.0,0.010546809259860715
ekf_random,1,125,0.077,0.077,0.0,0.013050336070731989
ekf_random,1,126,0.064,0.064,0.0,0.010573602165734924
ekf_random,1,127,0.076,0.076,0.0,0.012872308823793099
ekf_random,1,128,0.056,0.056,0.0,0.0101749881649305
ekf_random,1,129,0.073,0.073,0.0,0.011279917206352782
ekf_random,1,130,0.057,0.057,0.0,0.011013429883196096
ekf_random,1,131,0.076,0.076,0.0,0.014345868257775334
ekf_random,1,132,0.06,0.06,0.0,0.010709326965033234
ekf_random,1,133,0.073,0.073,0.0,0.011744553244014352
ekf_random,1,134,0.063,0.063,0.0,0.011936081226871774
ekf_random,1,135,0.058,0.058,0.0,0.011268654419626812
ekf_random,1,136,0.067,0.067,0.0,0.01265773658341996
ekf_random,1,137,0.072,0.072,0.0,0.011493049378150617
ekf_random,1,138,0.067,0.067,0.0,0.01030042093161806
ekf_random,1,139,0.067,0.067,0.0,0.01029457190813603
ekf_random,1,140,0.07,0.07,0.0,0.01090855976482757
ekf_random,1,141,0.06,0.06,0.0,0.011792419576773521
ekf_random,1,142,0.058,0.058,0.0,0.01136636428842649
ekf_random,1,143,0.068,0.068,0.0,0.01149575071653984
ekf_random,1,144,0.058,0.058,0.0,0.010304223066023969
ekf_random,1,145,0.059,0.059,0.0,0.011270861313978532
ekf_random,1,146,0.06,0.06,0.0,0.01156423073706706
ekf_random,1,147,0.269,0.269,0.0,0.07395025230973101
ekf_random,1,148,0.059,0.059,0.0,0.011910244922627034
ekf_random,1,149,0.069,0.069,0.0,0.01036052375587445
ekf_random,1,150,0.069,0.069,0.0,0.010982698386435395
ekf_random,1,151,0.056,0.056,0.0,0.010176362553398302
ekf_random,1,152,0.065,0.065,0.0,0.01096358647655825
ekf_random,1,153,0.069,0.069,0.0,0.010995998899131516
ekf_random,1,154,0.073,0.073,0.0,0.0149098915881196
ekf_random,1,155,0.06,0.06,0.0,0.011947877096632654
ekf_random,1,156,0.069,0.069,0.0,0.010920238022143022
ekf_random,1,157,0.058,0.058,0.0,0.010067574890134491
ekf_random,1,158,0.056,0.056,0.0,0.010176359219776051
ekf_random,1,159,0.069,0.069,0.0,0.010370729484408907
ekf_random,1,160,0.061,0.061,0.0,0.011671006413487645
ekf_random,1,161,0.056,0.056,0.0,0.010176358453029923
ekf_random,1,162,0.056,0.056,0.0,0.01017635521655746
ekf_random,1,163,0.074,0.074,0.0,0.014832382037389647
ekf_random,1,164,0.059,0.059,0.0,0.00998056438378336
ekf_random,1,165,0.06,0.06,0.0,0.009920665350500948
ekf_random,1,166,0.062,0.062,0.0,0.011542592109250962
ekf_random,1,167,0.056,0.056,0.0,0.010177247955672195
ekf_random,1,168,0.06,0.06,0.0,0.009901118428605069
ekf_random,1,169,0.056,0.056,0.0,0.010173144259991133
ekf_random,1,170,0.056,0.056,0.0,0.010175597537740326
ekf_random,1,171,0.066,0.066,0.0,0.01164822684573113
ekf_random,1,172,0.056,0.056,0.0,0.010175521366965586
ekf_random,1,173,0.056,0.056,0.0,0.010174571587498219
ekf_random,1,174,0.056,0.056,0.0,0.010175176975052207
ekf_random,1,175,0.057,0.057,0.0,0.009955015574566836
ekf_random,1,176,0.063,0.063,0.0,0.012223521776898946
ekf_random,1,177,0.067,0.067,0.0,0.012476352893199469
ekf_random,1,178,0.056,0.056,0.0,0.010438225878900064
ekf_random,1,179,0.056,0.056,0.0,0.010277916358623199
ekf_random,1,180,0.056,0.056,0.0,0.010014462776497805
ekf_random,1,181,0.056,0.056,0.0,0.009993970023761024
ekf_random,1,182,0.062,0.062,0.0,0.009711128477582074
ekf_random,1,183,0.062,0.062,0.0,0.009758911047355294
ekf_random,1,184,0.062,0.062,0.0,0.009761445839252614
ekf_random,1,185,0.056,0.056,0.0,0.010069696985035743
ekf_random,1,186,0.056,0.056,0.0,0.01017318887417078
ekf_random,1,187,0.06,0.06,0.0,0.009875973638308671
ekf_random,1,188,0.056,0.056,0.0,0.01013921761936485
ekf_random,1,189,0.067,0.067,0.0,0.011256413304045108
ekf_random,1,190,0.056,0.056,0.0,0.010052379374956582
ekf_random,1,191,0.056,0.056,0.0,0.009961885508784397
ekf_random,1,192,0.06,0.06,0.0,0.009912814418406184
ekf_random,1,193,0.057,0.057,0.0,0.009780611552390097
ekf_random,1,194,0.059,0.059,0.0,0.009742902088745639
ekf_random,1,195,0.068,0.068,0.0,0.0117528562771378
ekf_random,1,196,0.056,0.056,0.0,0.010002457389458168
ekf_random,1,197,0.056,0.056,0.0,0.010240613567589098
ekf_random,1,198,0.06,0.06,0.0,0.010661677866962364
ekf_random,1,199,0.057,0.057,0.0,0.01005252175801253
ekf_random,1,200,0.068,0.068,0.0,0.011940696694991596
ekf_random,1,201,0.057,0.057,0.0,0.010291571477004187
ekf_random,1,202,0.066,0.066,0.0,0.01185367812216788
ekf_random,1,203,0.069,0.069,0.0,0.011717141186610705
ekf_random,1,204,0.07,0.07,0.0,0.012005235862753424
ekf_random,1,205,0.059,0.059,0.0,0.010015081282125228
ekf_random,1,206,0.057,0.057,0.0,0.009853232292666351
ekf_random,1,207,0.061,0.061,0.0,0.00971399637304369
ekf_random,1,208,0.066,0.066,0.0,0.010887593072027555
ekf_random,1,209,0.058,0.058,0.0,0.01003624769620597
ekf_random,1,210,0.062,0.062,0.0,0.010220707889363453
ekf_random,1,211,0.075,0.075,0.0,0.013656640299723553
ekf_random,1,212,0.076,0.076,0.0,0.013743448189525281
ekf_random,1,213,0.062,0.062,0.0,0.011284506574308916
ekf_random,1,214,1.0,1.0,0.0,0.2999987030693882
ekf_random,1,215,0.056,0.056,0.0,0.010506909521947223
ekf_random,1,216,0.062,0.062,0.0,0.01006941434856604
ekf_random,1,217,0.062,0.062,0.0,0.01152134764381583
ekf_random,1,218,0.056,0.056,0.0,0.010135673669474737
ekf_random,1,219,0.079,0.079,0.0,0.014536940493683778
ekf_random,1,220,0.063,0.063,0.0,0.01035699565880857
ekf_random,1,221,0.059,0.059,0.0,0.010456135224235249
ekf_random,1,222,0.059,0.059,0.0,0.01106542677522094
ekf_random,1,223,0.058,0.058,0.0,0.010573726379423666
ekf_random,1,224,0.066,0.066,0.0,0.011472532074653553
ekf_random,1,225,0.06,0.06,0.0,0.010717338251597092
ekf_random,1,226,0.062,0.062,0.0,0.011725990775953328
ekf_random,1,227,0.062,0.062,0.0,0.010954342208494542
ekf_random,1,228,0.074,0.074,0.0,0.01431938124453113
ekf_random,1,229,0.066,0.066,0.0,0.010809223053432845
ekf_random,1,230,0.064,0.064,0.0,0.010459640212188563
ekf_random,1,231,0.076,0.076,0.0,0.015216228589918232
ekf_random,1,232,0.064,0.064,0.0,0.010482953783962797
ekf_random,1,233,0.06,0.06,0.0,0.01172860137087452
ekf_random,1,234,0.065,0.065,0.0,0.010524254185123616
ekf_random,1,235,0.06,0.06,0.0,0.010226549338010966
ekf_random,1,236,0.06,0.06,0.0,0.01027708157719214
ekf_random,1,237,0.06,0.06,0.0,0.011217814329237663
ekf_random,1,238,0.06,0.06,0.0,0.011399503890613847
ekf_random,1,239,0.063,0.063,0.0,0.010961534063542073
ekf_random,1,240,0.059,0.059,0.0,0.011101465616501063
ekf_random,1,241,0.06,0.06,0.0,0.010688231280154654
ekf_random,1,242,0.062,0.062,0.0,0.010403451447759874
ekf_random,1,243,0.059,0.059,0.0,0.010859391279644212
ekf_random,1,244,0.06,0.06,0.0,0.010397594979502175
ekf_random,1,245,0.059,0.059,0.0,0.010749358244619157
ekf_random,1,246,0.059,0.059,0.0,0.010696584987789455
ekf_random,1,247,1.0,1.0,0.0,0.29999953176604405
ekf_random,1,248,0.057,0.057,0.0,0.010255566253937465
ekf_random,1,249,0.07,0.07,0.0,0.012058054300271796
ekf_random,1,250,0.056,0.056,0.0,0.01017636271957308
ekf_random,1,251,0.056,0.056,0.0,0.010176362719573081
ekf_random,2,0,0.999,0.999,0.0,0.2791073330126046
ekf_random,2,1,0.998,0.998,0.0,0.27917039330388804
ekf_random,2,2,0.998,0.998,0.0,0.2792249263892481
ekf_random,2,3,0.998,0.998,0.0,0.279202657944584
ekf_random,2,4,0.998,0.998,0.0,0.2791948648476774
ekf_random,2,5,0.998,0.998,0.0,0.279148395796271
ekf_random,2,6,0.998,0.998,0.0,0.27919014712396917
ekf_random,2,7,1.0,1.0,0.0,0.27950871810215544
ekf_random,2,8,0.999,0.999,0.0,0.27914524470093455
ekf_random,2,9,0.999,0.999,0.0,0.27914101368483407
ekf_random,2,10,1.0,1.0,0.0,0.30000000000000565
ekf_random,2,11,1.0,1.0,0.0,0.27940854317076913
ekf_random,2,12,0.999,0.999,0.0,0.27925242697567004
ekf_random,2,13,1.0,1.0,0.0,0.27938823822736253
ekf_random,2,14,1.0,1.0,0.0,0.2795426991711818
ekf_random,2,15,1.0,1.0,0.0,0.27909720615410644
ekf_random,2,16,1.0,1.0,0.0,0.27956463708205187
ekf_random,2,17,0.998,0.998,0.0,0.2791555970372064
ekf_random,2,18,1.0,1.0,0.0,0.27941157609248796
ekf_random,2,19,1.0,1.0,0.0,0.29999455922873586
ekf_random,2,20,0.998,0.998,0.0,0.27918226995425005
ekf_random,2,21,1.0,1.0,0.0,0.2794791739984083
ekf_random,2,22,1.0,1.0,0.0,0.27912402112212864
ekf_random,2,23,1.0,1.0,0.0,0.2794030962172824
ekf_random,2,24,1.0,1.0,0.0,0.279298746877072
ekf_random,2,25,1.0,1.0,0.0,0.27913290722744555
ekf_random,2,26,1.0,1.0,0.0,0.2794412410758785
ekf_random,2,27,0.998,0.998,0.0,0.27917822687268146
ekf_random,2,28,0.998,0.998,0.0,0.2791651701771709
ekf_random,2,29,1.0,1.0,0.0,0.2793377191219362
ekf_random,2,30,1.0,1.0,0.0,0.27922240973129003
ekf_random,2,31,0.998,0.998,0.0,0.2791859313651423
ekf_random,2,32,1.0,1.0,0.0,0.2792276864399146
ekf_random,2,33,1.0,1.0,0.0,0.27928739009992937
ekf_random,2,34,1.0,1.0,0.0,0.2793753241830562
ekf_random,2,35,0.999,0.999,0.0,0.2791735963250717
ekf_random,2,36,1.0,1.0,0.0,0.2791395479891485
ekf_random,2,37,1.0,1.0,0.0,0.2791260532408987
ekf_random,2,38,1.0,1.0,0.0,0.2791107319622977
ekf_random,2,39,0.998,0.998,0.0,0.27914058371601946
ekf_random,2,40,1.0,1.0,0.0,0.27914112451396245
ekf_random,2,41,1.0,1.0,0.0,0.27928634628914967
ekf_random,2,42,1.0,1.0,0.0,0.27911975074448214
ekf_random,2,43,1.0,1.0,0.0,0.2999998676389652
ekf_random,2,44,1.0,1.0,0.0,0.27925685594499605
ekf_random,2,45,1.0,1.0,0.0,0.27921675521738526
ekf_random,2,46,0.999,0.999,0.0,0.27908921478111487
ekf_random,2,47,1.0,1.0,0.0,0.2792728125190549
ekf_random,2,48,0.998,0.998,0.0,0.2791365060234512
ekf_random,2,49,1.0,1.0,0.0,0.29999999938609206
ekf_random,2,50,0.998,0.998,0.0,0.27913413764184347
ekf_random,2,51,1.0,1.0,0.0,0.2793162942410286
ekf_random,2,52,1.0,1.0,0.0,0.27919815386746705
ekf_random,2,53,0.998,0.998,0.0,0.27917429977388536
ekf_random,2,54,0.998,0.998,0.0,0.27913213524996444
ekf_random,2,55,1.0,1.0,0.0,0.27908160709550434
ekf_random,2,56,0.999,0.999,0.0,0.27945070576884556
ekf_random,2,57,1.0,1.0,0.0,0.2792678003604007
ekf_random,2,58,1.0,1.0,0.0,0.2792059471861956
ekf_random,2,59,0.998,0.998,0.0,0.2791416725272294
ekf_random,2,60,1.0,1.0,0.0,0.2791609186204827
ekf_random,2,61,1.0,1.0,0.0,0.27918194670954116
ekf_random,2,62,0.999,0.999,0.0,0.279228807587729
ekf_random,2,63,0.998,0.998,0.0,0.2791613970352334
ekf_random,2,64,0.999,0.999,0.0,0.2792152798165117
ekf_random,2,65,1.0,1.0,0.0,0.2791602119778803
ekf_random,2,66,1.0,1.0,0.0,0.27915875627212694
ekf_random,2,67,1.0,1.0,0.0,0.279214186871588
ekf_random,2,68,1.0,1.0,0.0,0.2790522633797745
ekf_random,2,69,0.998,0.998,0.0,0.2791559396988958
ekf_random,2,70,1.0,1.0,0.0,0.2790763007943858
ekf_random,2,71,1.0,1.0,0.0,0.2792693338395716
ekf_random,2,72,1.0,1.0,0.0,0.2790610057037747
ekf_random,2,73,1.0,1.0,0.0,0.279162129078658
ekf_random,2,74,0.999,0.999,0.0,0.27920793439053065
ekf_random,2,75,1.0,1.0,0.0,0.27919984956559496
ekf_random,2,76,1.0,1.0,0.0,0.2792049194646337
ekf_random,2,77,1.0,1.0,0.0,0.2790611209399831
ekf_random,2,78,1.0,1.0,0.0,0.2790879206484954
ekf_random,2,79,0.999,0.999,0.0,0.27919646287867256
ekf_random,2,80,1.0,1.0,0.0,0.2792401951954894
ekf_random,2,81,1.0,1.0,0.0,0.27925636973764995
ekf_random,2,82,1.0,1.0,0.0,0.27906865452231017
ekf_random,2,83,1.0,1.0,0.0,0.27923664213598387
ekf_random,2,84,0.999,0.999,0.0,0.27911845424815107
ekf_random,2,85,0.999,0.999,0.0,0.279208620123846
ekf_random,2,86,1.0,1.0,0.0,0.27922503591388625
ekf_random,2,87,0.999,0.999,0.0,0.2791967349717307
ekf_random,2,88,1.0,1.0,0.0,0.27909258125672903
ekf_random,2,89,0.999,0.999,0.0,0.27911737545234744
ekf_random,2,90,1.0,1.0,0.0,0.2792330706414336
ekf_random,2,91,1.0,1.0,0.0,0.2792260468668316
ekf_random,2,92,1.0,1.0,0.0,0.2792209149833186
ekf_random,2,93,1.0,1.0,0.0,0.2792213442982467
ekf_random,2,94,1.0,1.0,0.0,0.27915438824309835
ekf_random,2,95,1.0,1.0,0.0,0.27917604110203353
ekf_random,2,96,1.0,1.0,0.0,0.2792254078541024
ekf_random,2,97,0.998,0.998,0.0,0.27943092840446865
ekf_random,2,98,0.999,0.999,0.0,0.2792473348427284
ekf_random,2,99,1.0,1.0,0.0,0.2791235078394416
ekf_random,2,100,1.0,1.0,0.0,0.2791356228357083
ekf_random,2,101,1.0,1.0,0.0,0.27911574450251103
ekf_random,2,102,0.998,0.998,0.0,0.2791338387043438
ekf_random,2,103,1.0,1.0,0.0,0.2792844745303674
ekf_random,2,104,1.0,1.0,0.0,0.27917858421200414
ekf_random,2,105,0.999,0.999,0.0,0.2792218732816771
ekf_random,2,106,1.0,1.0,0.0,0.2792803722572843
ekf_random,2,107,1.0,1.0,0.0,0.2793721975591501
ekf_random,2,108,1.0,1.0,0.0,0.27923743415960267
ekf_random,2,109,1.0,1.0,0.0,0.2791772293389987
ekf_random,2,110,1.0,1.0,0.0,0.27949936706293377
ekf_random,2,111,0.998,0.998,0.0,0.2791551272889215
ekf_random,2,112,1.0,1.0,0.0,0.2792430490853872
ekf_random,2,113,1.0,1.0,0.0,0.27916653231511396
ekf_random,2,114,1.0,1.0,0.0,0.27921531609659966
ekf_random,2,115,1.0,1.0,0.0,0.27932935898718586
ekf_random,2,116,1.0,1.0,0.0,0.27922188978240947
ekf_random,2,117,1.0,1.0,0.0,0.2792031458077884
ekf_random,2,118,0.998,0.998,0.0,0.27914194598717745
ekf_random,2,119,0.999,0.999,0.0,0.27919879701336436
ekf_random,2,120,1.0,1.0,0.0,0.2794880086568545
ekf_random,2,121,1.0,1.0,0.0,0.2790944807788443
ekf_random,2,122,1.0,1.0,0.0,0.27921652334305147
ekf_random,2,123,1.0,1.0,0.0,0.27920563148732486
ekf_random,2,124,1.0,1.0,0.0,0.2791267013908994
ekf_random,2,125,1.0,1.0,0.0,0.27934311225677516
ekf_random,2,126,1.0,1.0,0.0,0.27910055690795427
ekf_random,2,127,1.0,1.0,0.0,0.2792740197343226
ekf_random,2,128,0.998,0.998,0.0,0.2791419210933032
ekf_random,2,129,1.0,1.0,0.0,0.27922464827149734
ekf_random,2,130,0.998,0.998,0.0,0.27917927390081804
ekf_random,2,131,1.0,1.0,0.0,0.2793523699737963
ekf_random,2,132,0.999,0.999,0.0,0.27915919268854233
ekf_random,2,133,1.0,1.0,0.0,0.27919990524175414
ekf_random,2,134,0.998,0.998,0.0,0.27923891862511413
ekf_random,2,135,0.998,0.998,0.0,0.27918807082552377
ekf_random,2,136,0.998,0.998,0.0,0.27915795747868166
ekf_random,2,137,1.0,1.0,0.0,0.279161230590196
ekf_random,2,138,1.0,1.0,0.0,0.2791288939395047
ekf_random,2,139,1.0,1.0,0.0,0.279120789337674
ekf_random,2,140,1.0,1.0,0.0,0.27917895953579647
ekf_random,2,141,0.999,0.999,0.0,0.279290000265616
ekf_random,2,142,0.999,0.999,0.0,0.27922019276645
ekf_random,2,143,1.0,1.0,0.0,0.279147494088506
ekf_random,2,144,1.0,1.0,0.0,0.2790850435837436
ekf_random,2,145,0.999,0.999,0.0,0.27906219180253783
ekf_random,2,146,0.998,0.998,0.0,0.27912634750675885
ekf_random,2,147,0.998,0.998,0.0,0.28269722879707654
ekf_random,2,148,0.998,0.998,0.0,0.27908639706280425
ekf_random,2,149,1.0,1.0,0.0,0.27914862563315657
ekf_random,2,150,1.0,1.0,0.0,0.279119562280425
ekf_random,2,151,0.998,0.998,0.0,0.2791416571565663
ekf_random,2,152,1.0,1.0,0.0,0.27912902671459927
ekf_random,2,153,1.0,1.0,0.0,0.2792018025971321
ekf_random,2,154,0.998,0.998,0.0,0.2793379157799582
ekf_random,2,155,0.999,0.999,0.0,0.27925052147231105
ekf_random,2,156,1.0,1.0,0.0,0.279179798723983
ekf_random,2,157,1.0,1.0,0.0,0.2790869140307056
ekf_random,2,158,0.998,0.998,0.0,0.27914165770102944
ekf_random,2,159,1.0,1.0,0.0,0.27914985751172705
ekf_random,2,160,0.998,0.998,0.0,0.2792230109558997
ekf_random,2,161,0.998,0.998,0.0,0.27914165781133765
ekf_random,2,162,0.998,0.998,0.0,0.27914165790552786
ekf_random,2,163,1.0,1.0,0.0,0.2794655083946889
ekf_random,2,164,1.0,1.0,0.0,0.2790794872746724
ekf_random,2,165,1.0,1.0,0.0,0.27907050312977305
ekf_random,2,166,1.0,1.0,0.0,0.279096904481626
ekf_random,2,167,0.998,0.998,0.0,0.27914000739793127
ekf_random,2,168,1.0,1.0,0.0,0.2790665583976121
ekf_random,2,169,0.998,0.998,0.0,0.2791404232653822
ekf_random,2,170,0.998,0.998,0.0,0.2791408260443038
ekf_random,2,171,1.0,1.0,0.0,0.27909625335037347
ekf_random,2,172,0.998,0.998,0.0,0.27914073327371347
ekf_random,2,173,0.998,0.998,0.0,0.2791404824336273
ekf_random,2,174,0.998,0.998,0.0,0.2791414196715629
ekf_random,2,175,0.999,0.999,0.0,0.2791077489197785
ekf_random,2,176,0.999,0.999,0.0,0.27917695042233975
ekf_random,2,177,1.0,1.0,0.0,0.27922382705598847
ekf_random,2,178,0.998,0.998,0.0,0.27914684430513004
ekf_random,2,179,0.998,0.998,0.0,0.27910693233849576
ekf_random,2,180,0.998,0.998,0.0,0.27910101310619867
ekf_random,2,181,0.998,0.998,0.0,0.27909538186739025
ekf_random,2,182,1.0,1.0,0.0,0.279103957461882
ekf_random,2,183,1.0,1.0,0.0,0.2790794641845854
ekf_random,2,184,1.0,1.0,0.0,0.2790808948641053
ekf_random,2,185,0.999,0.999,0.0,0.2790646398380661
ekf_random,2,186,0.998,0.998,0.0,0.27914082015439884
ekf_random,2,187,1.0,1.0,0.0,0.279067045013252
ekf_random,2,188,0.998,0.998,0.0,0.27913166971071
ekf_random,2,189,1.0,1.0,0.0,0.2791692419140316
ekf_random,2,190,0.999,0.999,0.0,0.2790644485588504
ekf_random,2,191,0.999,0.999,0.0,0.2790680678380116
ekf_random,2,192,1.0,1.0,0.0,0.2790711885302144
ekf_random,2,193,0.999,0.999,0.0,0.27908163546915965
ekf_random,2,194,0.999,0.999,0.0,0.27907681247956906
ekf_random,2,195,1.0,1.0,0.0,0.2791883622940232
ekf_random,2,196,0.999,0.999,0.0,0.27906817708310705
ekf_random,2,197,0.998,0.998,0.0,0.2791026496649478
ekf_random,2,198,0.999,0.999,0.0,0.2792951594416262
ekf_random,2,199,0.999,0.999,0.0,0.27905121661408955
ekf_random,2,200,1.0,1.0,0.0,0.2791370062335114
ekf_random,2,201,0.998,0.998,0.0,0.2791151917154374
ekf_random,2,202,0.999,0.999,0.0,0.27917025689848984
ekf_random,2,203,1.0,1.0,0.0,0.2791696482884282
ekf_random,2,204,1.0,1.0,0.0,0.27920730001498645
ekf_random,2,205,1.0,1.0,0.0,0.27907302577261
ekf_random,2,206,0.999,0.999,0.0,0.279095573286029
ekf_random,2,207,1.0,1.0,0.0,0.27910812192938167
ekf_random,2,208,1.0,1.0,0.0,0.2791422384576264
ekf_random,2,209,0.999,0.999,0.0,0.2790943937321214
ekf_random,2,210,0.999,0.999,0.0,0.2791242464369265
ekf_random,2,211,1.0,1.0,0.0,0.2792515960212468
ekf_random,2,212,1.0,1.0,0.0,0.2793891049617677
ekf_random,2,213,0.999,0.999,0.0,0.2791156782757974
ekf_random,2,214,1.0,1.0,0.0,0.2999992161045205
ekf_random,2,215,0.998,0.998,0.0,0.27912417587072685
ekf_random,2,216,1.0,1.0,0.0,0.2791062514829726
ekf_random,2,217,1.0,1.0,0.0,0.2791354394950665
ekf_random,2,218,0.999,0.999,0.0,0.27910381538380324
ekf_random,2,219,1.0,1.0,0.0,0.2792056799809333
ekf_random,2,220,1.0,1.0,0.0,0.2790684397452079
ekf_random,2,221,0.999,0.999,0.0,0.2791098994876884
ekf_random,2,222,0.998,0.998,0.0,0.27918802278611493
ekf_random,2,223,0.999,0.999,0.0,0.2790934833143425
ekf_random,2,224,1.0,1.0,0.0,0.27915902840136114
ekf_random,2,225,0.999,0.999,0.0,0.2791273719790717
ekf_random,2,226,0.999,0.999,0.0,0.27915282864345464
ekf_random,2,227,0.999,0.999,0.0,0.2791039243486149
ekf_random,2,228,1.0,1.0,0.0,0.27959131408645027
ekf_random,2,229,1.0,1.0,0.0,0.27913437515120326
ekf_random,2,230,1.0,1.0,0.0,0.2791158922563137
ekf_random,2,231,0.999,0.999,0.0,0.27934608823487134
ekf_random,2,232,1.0,1.0,0.0,0.2790973424273603
ekf_random,2,233,0.998,0.998,0.0,0.2791385693143334
ekf_random,2,234,1.0,1.0,0.0,0.2790622400057433
ekf_random,2,235,1.0,1.0,0.0,0.2790837586436887
ekf_random,2,236,0.999,0.999,0.0,0.2790885428846294
ekf_random,2,237,0.999,0.999,0.0,0.2791271141666479
ekf_random,2,238,0.999,0.999,0.0,0.27912981849476254
ekf_random,2,239,0.999,0.999,0.0,0.27910220920158907
ekf_random,2,240,0.998,0.998,0.0,0.2790992562285381
ekf_random,2,241,0.999,0.999,0.0,0.27909687269412153
ekf_random,2,242,0.999,0.999,0.0,0.2790866156826976
ekf_random,2,243,0.999,0.999,0.0,0.27911160246679345
ekf_random,2,244,1.0,1.0,0.0,0.27909699997286214
ekf_random,2,245,0.999,0.999,0.0,0.2791045523143972
ekf_random,2,246,0.999,0.999,0.0,0.27910328484717434
ekf_random,2,247,1.0,1.0,0.0,0.2999987677171993
ekf_random,2,248,0.999,0.999,0.0,0.27908639978589767
ekf_random,2,249,1.0,1.0,0.0,0.2792059471861956
ekf_random,2,250,0.998,0.998,0.0,0.27914165719561795
ekf_random,2,251,0.998,0.998,0.0,0.27914165719561795
ekf_random,3,0,0.058,0.058,0.0,0.0051731202153963984
ekf_random,3,1,0.103,0.103,0.0,0.010814159564487365
ekf_random,3,2,0.126,0.126,0.0,0.015665650480797783
ekf_random,3,3,0.121,0.121,0.0,0.01439069212161288
ekf_random,3,4,0.123,0.123,0.0,0.014063194637744287
ekf_random,3,5,0.071,0.071,0.0,0.007134809897043764
ekf_random,3,6,0.093,0.093,0.0,0.011587879934116495
ekf_random,3,7,0.027,0.027,0.0,0.00694633724617599
ekf_random,3,8,0.059,0.059,0.0,0.005729160901292353
ekf_random,3,9,0.068,0.068,0.0,0.006939282039169639
ekf_random,3,10,1.0,1.0,0.0,0.30000000000000565
ekf_random,3,11,0.027,0.027,0.0,0.006954651294973028
ekf_random,3,12,0.073,0.073,0.0,0.007406105267979429
ekf_random,3,13,0.028,0.028,0.0,0.0066808153071336715
ekf_random,3,14,0.031,0.031,0.0,0.007380924427447664
ekf_random,3,15,0.017,0.017,0.0,0.00229867981866718
ekf_random,3,16,0.033,0.033,0.0,0.008834997685680223
ekf_random,3,17,0.124,0.124,0.0,0.014886989877389043
ekf_random,3,18,0.029,0.029,0.0,0.0068449052122686125
ekf_random,3,19,1.0,1.0,0.0,0.29999803101816075
ekf_random,3,20,0.088,0.088,0.0,0.008812040737189046
ekf_random,3,21,0.038,0.038,0.0,0.009576212410006973
ekf_random,3,22,0.028,0.028,0.0,0.0031067001223005065
ekf_random,3,23,0.028,0.028,0.0,0.006592527624785055
ekf_random,3,24,0.022,0.022,0.0,0.005006466360339134
ekf_random,3,25,0.026,0.026,0.0,0.002917133809943947
ekf_random,3,26,0.026,0.026,0.0,0.0061318387876626865
ekf_random,3,27,0.127,0.127,0.0,0.01540002221999991
ekf_random,3,28,0.101,0.101,0.0,0.011882249860329784
ekf_random,3,29,0.026,0.026,0.0,0.006077936972024859
ekf_random,3,30,0.019,0.019,0.0,0.004023564093462353
ekf_random,3,31,0.104,0.104,0.0,0.010318567169386795
ekf_random,3,32,0.019,0.019,0.0,0.004094950308259061
ekf_random,3,33,0.02,0.02,0.0,0.004707153056794034
ekf_random,3,34,0.03,0.03,0.0,0.006651743206417449
ekf_random,3,35,0.042,0.042,0.0,0.003982118274155901
ekf_random,3,36,0.021,0.021,0.0,0.0024065753727580395
ekf_random,3,37,0.033,0.033,0.0,0.0038232196770893187
ekf_random,3,38,0.022,0.022,0.0,0.0026070890413892934
ekf_random,3,39,0.118,0.118,0.0,0.012768648191449591
ekf_random,3,40,0.015,0.015,0.0,0.0024617321820553906
ekf_random,3,41,0.028,0.028,0.0,0.005824472969695075
ekf_random,3,42,0.014,0.014,0.0,0.0025167751013526417
ekf_random,3,43,1.0,1.0,0.0,0.30000000000000565
ekf_random,3,44,0.022,0.022,0.0,0.0050355985811279345
ekf_random,3,45,0.018,0.018,0.0,0.003806494553614343
ekf_random,3,46,0.063,0.063,0.0,0.0052955572028801435
ekf_random,3,47,0.022,0.022,0.0,0.004929377614256653
ekf_random,3,48,0.117,0.117,0.0,0.012179214586749618
ekf_random,3,49,1.0,1.0,0.0,0.30000000000000565
ekf_random,3,50,0.115,0.115,0.0,0.011853080676314883
ekf_random,3,51,0.024,0.024,0.0,0.005439116221366575
ekf_random,3,52,0.016,0.016,0.0,0.0029616453603940195
ekf_random,3,53,0.123,0.123,0.0,0.014566386616030538
ekf_random,3,54,0.112,0.112,0.0,0.011597179649634899
ekf_random,3,55,0.012,0.012,0.0,0.001732992963837998
ekf_random,3,56,0.123,0.123,0.0,0.016002506336492736
ekf_random,3,57,0.024,0.024,0.0,0.005298775330484714
ekf_random,3,58,0.018,0.018,0.0,0.0037395056754573274
ekf_random,3,59,0.12,0.12,0.0,0.0129311405559873
ekf_random,3,60,0.015,0.015,0.0,0.0026172412681885254
ekf_random,3,61,0.019,0.019,0.0,0.0035700971830285658
ekf_random,3,62,0.043,0.043,0.0,0.005718722994875036
ekf_random,3,63,0.103,0.103,0.0,0.011130327230228595
ekf_random,3,64,0.042,0.042,0.0,0.005649106237239082
ekf_random,3,65,0.015,0.015,0.0,0.0026716870151961077
ekf_random,3,66,0.015,0.015,0.0,0.0026768061759660368
ekf_random,3,67,0.018,0.018,0.0,0.0037203669139740723
ekf_random,3,68,0.052,0.052,0.0,0.0039627037469421676
ekf_random,3,69,0.128,0.128,0.0,0.015323219307943876
ekf_random,3,70,0.024,0.024,0.0,0.0020647049548826475
ekf_random,3,71,0.023,0.023,0.0,0.00496152119628928
ekf_random,3,72,0.02,0.02,0.0,0.0018356390853403572
ekf_random,3,73,0.021,0.021,0.0,0.00240193332103225
ekf_random,3,74,0.041,0.041,0.0,0.0051917096153438445
ekf_random,3,75,0.018,0.018,0.0,0.0035672599915170726
ekf_random,3,76,0.018,0.018,0.0,0.003583252302707016
ekf_random,3,77,0.014,0.014,0.0,0.001616116262128085
ekf_random,3,78,0.027,0.027,0.0,0.0022044794146745188
ekf_random,3,79,0.075,0.075,0.0,0.006876246344125613
ekf_random,3,80,0.02,0.02,0.0,0.004384111991250393
ekf_random,3,81,0.022,0.022,0.0,0.004586224665111376
ekf_random,3,82,0.012,0.012,0.0,0.0016934625706730491
ekf_random,3,83,0.021,0.021,0.0,0.004517192718199235
ekf_random,3,84,0.062,0.062,0.0,0.005672207340461669
ekf_random,3,85,0.036,0.036,0.0,0.004911618323800108
ekf_random,3,86,0.022,0.022,0.0,0.004917410657366545
ekf_random,3,87,0.11,0.11,0.0,0.013034373708906753
ekf_random,3,88,0.013,0.013,0.0,0.0017619284961170436
ekf_random,3,89,0.072,0.072,0.0,0.006398142047975706
ekf_random,3,90,0.019,0.019,0.0,0.003840816166969938
ekf_random,3,91,0.025,0.025,0.0,0.005843155999695328
ekf_random,3,92,0.02,0.02,0.0,0.003933693268962673
ekf_random,3,93,0.02,0.02,0.0,0.003930393046200018
ekf_random,3,94,0.014,0.014,0.0,0.002057947529230529
ekf_random,3,95,0.016,0.016,0.0,0.003243523799243602
ekf_random,3,96,0.021,0.021,0.0,0.004402926671479909
ekf_random,3,97,0.116,0.116,0.0,0.015158894997526784
ekf_random,3,98,0.093,0.093,0.0,0.010197737809909705
ekf_random,3,99,0.014,0.014,0.0,0.001896769722676702
ekf_random,3,100,0.014,0.014,0.0,0.0021260422968613856
ekf_random,3,101,0.015,0.015,0.0,0.0020037174154970815
ekf_random,3,102,0.108,0.108,0.0,0.011937866765876754
ekf_random,3,103,0.021,0.021,0.0,0.004885433242215423
ekf_random,3,104,0.017,0.017,0.0,0.002841760043436325
ekf_random,3,105,0.037,0.037,0.0,0.004790374493551608
ekf_random,3,106,0.018,0.018,0.0,0.0037742419537639175
ekf_random,3,107,0.029,0.029,0.0,0.006859295742629125
ekf_random,3,108,0.019,0.019,0.0,0.00396225348936432
ekf_random,3,109,0.024,0.024,0.0,0.005293080539762318
ekf_random,3,110,0.025,0.025,0.0,0.005704057175379591
ekf_random,3,111,0.126,0.126,0.0,0.015077592351152526
ekf_random,3,112,0.018,0.018,0.0,0.0032614843531388136
ekf_random,3,113,0.02,0.02,0.0,0.0031038835199773186
ekf_random,3,114,0.018,0.018,0.0,0.003691353769381638
ekf_random,3,115,0.02,0.02,0.0,0.004517280138614571
ekf_random,3,116,0.018,0.018,0.0,0.003678690472161615
ekf_random,3,117,0.023,0.023,0.0,0.004070826974864981
ekf_random,3,118,0.128,0.128,0.0,0.015557040417616581
ekf_random,3,119,0.042,0.042,0.0,0.004975403355198236
ekf_random,3,120,0.028,0.028,0.0,0.006977513054883575
ekf_random,3,121,0.025,0.025,0.0,0.0025001309549517793
ekf_random,3,122,0.022,0.022,0.0,0.0050945269558905154
ekf_random,3,123,0.015,0.015,0.0,0.0030176914906552164
ekf_random,3,124,0.012,0.012,0.0,0.0020955168831777557
ekf_random,3,125,0.024,0.024,0.0,0.0052586438135287265
ekf_random,3,126,0.014,0.014,0.0,0.0021688074517160955
ekf_random,3,127,0.022,0.022,0.0,0.004577075136130876
ekf_random,3,128,0.128,0.128,0.0,0.015564125149589223
ekf_random,3,129,0.016,0.016,0.0,0.0032600304003944417
ekf_random,3,130,0.117,0.117,0.0,0.012003976866252724
ekf_random,3,131,0.025,0.025,0.0,0.005854091846747011
ekf_random,3,132,0.057,0.057,0.0,0.005503486897603915
ekf_random,3,133,0.017,0.017,0.0,0.0036146222396126583
ekf_random,3,134,0.089,0.089,0.0,0.009624292851002452
ekf_random,3,135,0.111,0.111,0.0,0.010856409851198354
ekf_random,3,136,0.085,0.085,0.0,0.010246327726179588
ekf_random,3,137,0.017,0.017,0.0,0.003450965072173671
ekf_random,3,138,0.014,0.014,0.0,0.00219694747502311
ekf_random,3,139,0.014,0.014,0.0,0.0021806678110764576
ekf_random,3,140,0.016,0.016,0.0,0.002866911897424303
ekf_random,3,141,0.089,0.089,0.0,0.008947250587676175
ekf_random,3,142,0.078,0.078,0.0,0.007853729464717832
ekf_random,3,143,0.015,0.015,0.0,0.0029312392487864667
ekf_random,3,144,0.033,0.033,0.0,0.002207097606542538
ekf_random,3,145,0.07,0.07,0.0,0.007193471777645752
ekf_random,3,146,0.073,0.073,0.0,0.00731101097856346
ekf_random,3,147,0.258,0.258,0.0,0.06813104067321363
ekf_random,3,148,0.098,0.098,0.0,0.010185766905673702
ekf_random,3,149,0.014,0.014,0.0,0.0024638431549908395
ekf_random,3,150,0.015,0.015,0.0,0.0025902035205537994
ekf_random,3,151,0.128,0.128,0.0,0.015571329006636795
ekf_random,3,152,0.015,0.015,0.0,0.0024204558297535586
ekf_random,3,153,0.015,0.015,0.0,0.0027912106185030974
ekf_random,3,154,0.088,0.088,0.0,0.01123116197952034
ekf_random,3,155,0.079,0.079,0.0,0.007707185082130092
ekf_random,3,156,0.015,0.015,0.0,0.002752541656930104
ekf_random,3,157,0.019,0.019,0.0,0.0016869021837686174
ekf_random,3,158,0.128,0.128,0.0,0.015571247562481265
ekf_random,3,159,0.014,0.014,0.0,0.0024307589855430464
ekf_random,3,160,0.105,0.105,0.0,0.013315144374194626
ekf_random,3,161,0.128,0.128,0.0,0.015571228030816672
ekf_random,3,162,0.128,0.128,0.0,0.015571109538764881
ekf_random,3,163,0.052,0.052,0.0,0.00743641109848461
ekf_random,3,164,0.017,0.017,0.0,0.0016024705644727506
ekf_random,3,165,0.016,0.016,0.0,0.0015782446857505337
ekf_random,3,166,0.026,0.026,0.0,0.0031105839920286924
ekf_random,3,167,0.128,0.128,0.0,0.015556845908009207
ekf_random,3,168,0.016,0.016,0.0,0.0015711929871666274
ekf_random,3,169,0.128,0.128,0.0,0.015439030762829223
ekf_random,3,170,0.128,0.128,0.0,0.015544601984575588
ekf_random,3,171,0.018,0.018,0.0,0.0031327456427425716
ekf_random,3,172,0.128,0.128,0.0,0.01554167494619516
ekf_random,3,173,0.128,0.128,0.0,0.01548642032620683
ekf_random,3,174,0.128,0.128,0.0,0.015530985011407152
ekf_random,3,175,0.061,0.061,0.0,0.005280519809050374
ekf_random,3,176,0.044,0.044,0.0,0.004967555069628114
ekf_random,3,177,0.034,0.034,0.0,0.003990607624177751
ekf_random,3,178,0.119,0.119,0.0,0.013551608768966526
ekf_random,3,179,0.084,0.084,0.0,0.0071930758718814726
ekf_random,3,180,0.091,0.091,0.0,0.00863192686264798
ekf_random,3,181,0.086,0.086,0.0,0.00804798426388128
ekf_random,3,182,0.011,0.011,0.0,0.0015331264753241122
ekf_random,3,183,0.011,0.011,0.0,0.0014963905911316473
ekf_random,3,184,0.011,0.011,0.0,0.0015016575113923547
ekf_random,3,185,0.051,0.051,0.0,0.003783169273188832
ekf_random,3,186,0.128,0.128,0.0,0.015483859672026748
ekf_random,3,187,0.019,0.019,0.0,0.0015622810543801187
ekf_random,3,188,0.119,0.119,0.0,0.013644488865337374
ekf_random,3,189,0.015,0.015,0.0,0.002976623572516701
ekf_random,3,190,0.048,0.048,0.0,0.0031917590329084773
ekf_random,3,191,0.045,0.045,0.0,0.003393705134308622
ekf_random,3,192,0.011,0.011,0.0,0.0014703922584026897
ekf_random,3,193,0.053,0.053,0.0,0.00402620427318107
ekf_random,3,194,0.04,0.04,0.0,0.0030754975499365554
ekf_random,3,195,0.016,0.016,0.0,0.003260319043397579
ekf_random,3,196,0.055,0.055,0.0,0.0044388236835823216
ekf_random,3,197,0.077,0.077,0.0,0.005836269743429947
ekf_random,3,198,0.057,0.057,0.0,0.004421867328085742
ekf_random,3,199,0.05,0.05,0.0,0.0042583502696812
ekf_random,3,200,0.019,0.019,0.0,0.003498033795967443
ekf_random,3,201,0.085,0.085,0.0,0.006899870948352295
ekf_random,3,202,0.039,0.039,0.0,0.004429477937567609
ekf_random,3,203,0.016,0.016,0.0,0.003210453667049239
ekf_random,3,204,0.018,0.018,0.0,0.003478782769493573
ekf_random,3,205,0.017,0.017,0.0,0.0016855232429847681
ekf_random,3,206,0.07,0.07,0.0,0.00560782437371431
ekf_random,3,207,0.017,0.017,0.0,0.0015563835292181118
ekf_random,3,208,0.015,0.015,0.0,0.0025913495037537173
ekf_random,3,209,0.055,0.055,0.0,0.004777282616604166
ekf_random,3,210,0.039,0.039,0.0,0.0032697791694270882
ekf_random,3,211,0.025,0.025,0.0,0.005364635752435625
ekf_random,3,212,0.025,0.025,0.0,0.00581616706461271
ekf_random,3,213,0.037,0.037,0.0,0.0036663209864069113
ekf_random,3,214,1.0,1.0,0.0,0.29999868473486796
ekf_random,3,215,0.081,0.081,0.0,0.007301281991958779
ekf_random,3,216,0.014,0.014,0.0,0.001852490880463025
ekf_random,3,217,0.025,0.025,0.0,0.0032847129264659118
ekf_random,3,218,0.072,0.072,0.0,0.006639041265348665
ekf_random,3,219,0.027,0.027,0.0,0.005966277305558373
ekf_random,3,220,0.013,0.013,0.0,0.002049764681648745
ekf_random,3,221,0.044,0.044,0.0,0.003757349420425415
ekf_random,3,222,0.13,0.13,0.0,0.0161159656906443
ekf_random,3,223,0.045,0.045,0.0,0.00346135558769725
ekf_random,3,224,0.02,0.02,0.0,0.0030351504534442183
ekf_random,3,225,0.045,0.045,0.0,0.004033188529289125
ekf_random,3,226,0.04,0.04,0.0,0.004456942419260885
ekf_random,3,227,0.035,0.035,0.0,0.003610090548104085
ekf_random,3,228,0.031,0.031,0.0,0.004754725175138819
ekf_random,3,229,0.015,0.015,0.0,0.0023223101761663746
ekf_random,3,230,0.014,0.014,0.0,0.002043647594471269
ekf_random,3,231,0.053,0.053,0.0,0.007803992257029026
ekf_random,3,232,0.013,0.013,0.0,0.001975521680280201
ekf_random,3,233,0.043,0.043,0.0,0.0041683019516125346
ekf_random,3,234,0.013,0.013,0.0,0.0019677438502839232
ekf_random,3,235,0.02,0.02,0.0,0.0020275298708569657
ekf_random,3,236,0.023,0.023,0.0,0.0022194132220327385
ekf_random,3,237,0.045,0.045,0.0,0.004106869524094718
ekf_random,3,238,0.049,0.049,0.0,0.004441563332996625
ekf_random,3,239,0.035,0.035,0.0,0.0035496023847352482
ekf_random,3,240,0.038,0.038,0.0,0.003536890906192654
ekf_random,3,241,0.034,0.034,0.0,0.003165958462936745
ekf_random,3,242,0.032,0.032,0.0,0.003064887548642357
ekf_random,3,243,0.049,0.049,0.0,0.004219669883983124
ekf_random,3,244,0.028,0.028,0.0,0.0028329456131118338
ekf_random,3,245,0.049,0.049,0.0,0.004223176267662808
ekf_random,3,246,0.047,0.047,0.0,0.004346016856511383
ekf_random,3,247,1.0,1.0,0.0,0.29999957378891506
ekf_random,3,248,0.031,0.031,0.0,0.002842587336577674
ekf_random,3,249,0.018,0.018,0.0,0.0037395056754573274
ekf_random,3,250,0.128,0.128,0.0,0.015571337361447548
ekf_random,3,251,0.128,0.128,0.0,0.015571337361447548
ekf_random,4,0,1.0,1.0,0.0,0.24644927463091246
ekf_random,4,1,1.0,1.0,0.0,0.2465926952975057
ekf_random,4,2,0.999,0.999,0.0,0.24667783750351582
ekf_random,4,3,0.999,0.999,0.0,0.24662618375893786
ekf_random,4,4,0.999,0.999,0.0,0.24661276709649288
ekf_random,4,5,1.0,1.0,0.0,0.24654270365356076
ekf_random,4,6,0.999,0.999,0.0,0.24675009480483007
ekf_random,4,7,1.0,1.0,0.0,0.24755070956487132
ekf_random,4,8,1.0,1.0,0.0,0.24652799728072305
ekf_random,4,9,1.0,1.0,0.0,0.24652345807338175
ekf_random,4,10,1.0,1.0,0.0,0.30000000000000565
ekf_random,4,11,1.0,1.0,0.0,0.24750087787509642
ekf_random,4,12,1.0,1.0,0.0,0.24641542460829857
ekf_random,4,13,1.0,1.0,0.0,0.24756943838833398
ekf_random,4,14,1.0,1.0,0.0,0.24757133016676994
ekf_random,4,15,1.0,1.0,0.0,0.2466461978894889
ekf_random,4,16,1.0,1.0,0.0,0.24790263199076676
ekf_random,4,17,0.999,0.999,0.0,0.24645642143767915
ekf_random,4,18,1.0,1.0,0.0,0.24749304345189738
ekf_random,4,19,1.0,1.0,0.0,0.2999960813163552
ekf_random,4,20,1.0,1.0,0.0,0.24669871022750828
ekf_random,4,21,1.0,1.0,0.0,0.2478927641140377
ekf_random,4,22,1.0,1.0,0.0,0.24669980618088747
ekf_random,4,23,1.0,1.0,0.0,0.2474561181721266
ekf_random,4,24,1.0,1.0,0.0,0.24713245344814444
ekf_random,4,25,1.0,1.0,0.0,0.24665978481858614
ekf_random,4,26,1.0,1.0,0.0,0.24736790986729307
ekf_random,4,27,0.999,0.999,0.0,0.2464979711988546
ekf_random,4,28,1.0,1.0,0.0,0.24704475294661352
ekf_random,4,29,1.0,1.0,0.0,0.24734235227911447
ekf_random,4,30,1.0,1.0,0.0,0.24686386557912648
ekf_random,4,31,1.0,1.0,0.0,0.24671785943978744
ekf_random,4,32,1.0,1.0,0.0,0.24694381331009746
ekf_random,4,33,1.0,1.0,0.0,0.2470282668455543
ekf_random,4,34,1.0,1.0,0.0,0.24738247290468088
ekf_random,4,35,1.0,1.0,0.0,0.2464984315144565
ekf_random,4,36,1.0,1.0,0.0,0.24661653207463752
ekf_random,4,37,1.0,1.0,0.0,0.2467696630140843
ekf_random,4,38,1.0,1.0,0.0,0.24661702478101602
ekf_random,4,39,0.999,0.999,0.0,0.24644594967295133
ekf_random,4,40,1.0,1.0,0.0,0.24664065795086393
ekf_random,4,41,1.0,1.0,0.0,0.24752266350670052
ekf_random,4,42,1.0,1.0,0.0,0.246773123675191
ekf_random,4,43,1.0,1.0,0.0,0.2999998941424077
ekf_random,4,44,1.0,1.0,0.0,0.24716390997099655
ekf_random,4,45,1.0,1.0,0.0,0.24695971449694945
ekf_random,4,46,1.0,1.0,0.0,0.2463217829273345
ekf_random,4,47,1.0,1.0,0.0,0.24708325970396008
ekf_random,4,48,0.999,0.999,0.0,0.24644672357531044
ekf_random,4,49,1.0,1.0,0.0,0.2999999646574394
ekf_random,4,50,0.999,0.999,0.0,0.24644711960775156
ekf_random,4,51,1.0,1.0,0.0,0.24722373371948014
ekf_random,4,52,1.0,1.0,0.0,0.24668754203714444
ekf_random,4,53,0.999,0.999,0.0,0.246491728403997
ekf_random,4,54,0.999,0.999,0.0,0.24644748328340896
ekf_random,4,55,1.0,1.0,0.0,0.24647914380048966
ekf_random,4,56,0.999,0.999,0.0,0.2466826046851977
ekf_random,4,57,1.0,1.0,0.0,0.24714353675665013
ekf_random,4,58,1.0,1.0,0.0,0.24689365260895585
ekf_random,4,59,0.999,0.999,0.0,0.2464454171478716
ekf_random,4,60,1.0,1.0,0.0,0.24666133347172498
ekf_random,4,61,1.0,1.0,0.0,0.24700319388939243
ekf_random,4,62,1.0,1.0,0.0,0.24708102894934586
ekf_random,4,63,1.0,1.0,0.0,0.24646772707588252
ekf_random,4,64,1.0,1.0,0.0,0.24701747281374423
ekf_random,4,65,1.0,1.0,0.0,0.24673858584167496
ekf_random,4,66,1.0,1.0,0.0,0.24678464955340226
ekf_random,4,67,1.0,1.0,0.0,0.24685481693480155
ekf_random,4,68,1.0,1.0,0.0,0.24644352607056783
ekf_random,4,69,0.999,0.999,0.0,0.24644902019596482
ekf_random,4,70,1.0,1.0,0.0,0.24652666100391007
ekf_random,4,71,1.0,1.0,0.0,0.247090272780553
ekf_random,4,72,1.0,1.0,0.0,0.2464827373683102
ekf_random,4,73,1.0,1.0,0.0,0.2465870041838207
ekf_random,4,74,1.0,1.0,0.0,0.24707728073030383
ekf_random,4,75,1.0,1.0,0.0,0.24687930867142857
ekf_random,4,76,1.0,1.0,0.0,0.24693620642434816
ekf_random,4,77,1.0,1.0,0.0,0.24643721176346275
ekf_random,4,78,1.0,1.0,0.0,0.24650664675804448
ekf_random,4,79,1.0,1.0,0.0,0.24627834502697712
ekf_random,4,80,1.0,1.0,0.0,0.24712721086893036
ekf_random,4,81,1.0,1.0,0.0,0.24718396444971974
ekf_random,4,82,1.0,1.0,0.0,0.24657062378395317
ekf_random,4,83,1.0,1.0,0.0,0.24714379545074464
ekf_random,4,84,1.0,1.0,0.0,0.24644806898306745
ekf_random,4,85,1.0,1.0,0.0,0.24687856646299372
ekf_random,4,86,1.0,1.0,0.0,0.24722918407472694
ekf_random,4,87,0.999,0.999,0.0,0.2466163507173429
ekf_random,4,88,1.0,1.0,0.0,0.24659850489369087
ekf_random,4,89,1.0,1.0,0.0,0.24646146681652897
ekf_random,4,90,1.0,1.0,0.0,0.24687223113424492
ekf_random,4,91,1.0,1.0,0.0,0.24725324481349384
ekf_random,4,92,1.0,1.0,0.0,0.2470011524481678
ekf_random,4,93,1.0,1.0,0.0,0.24700377013491803
ekf_random,4,94,1.0,1.0,0.0,0.2466742339508459
ekf_random,4,95,1.0,1.0,0.0,0.24700773584173635
ekf_random,4,96,1.0,1.0,0.0,0.2470782596498235
ekf_random,4,97,1.0,1.0,0.0,0.24765131015950353
ekf_random,4,98,1.0,1.0,0.0,0.24676505142307695
ekf_random,4,99,1.0,1.0,0.0,0.2466563745455648
ekf_random,4,100,1.0,1.0,0.0,0.24674755678398183
ekf_random,4,101,1.0,1.0,0.0,0.24661564699622288
ekf_random,4,102,1.0,1.0,0.0,0.24640713299704317
ekf_random,4,103,1.0,1.0,0.0,0.24712664178289595
ekf_random,4,104,1.0,1.0,0.0,0.24683236128706545
ekf_random,4,105,1.0,1.0,0.0,0.2468459576896866
ekf_random,4,106,1.0,1.0,0.0,0.2469346221831264
ekf_random,4,107,1.0,1.0,0.0,0.24757625697535462
ekf_random,4,108,1.0,1.0,0.0,0.24692564633881342
ekf_random,4,109,1.0,1.0,0.0,0.24708548107927225
ekf_random,4,110,1.0,1.0,0.0,0.24751537701676096
ekf_random,4,111,0.999,0.999,0.0,0.24642698411093558
ekf_random,4,112,1.0,1.0,0.0,0.24700830963006518
ekf_random,4,113,1.0,1.0,0.0,0.24682795781578576
ekf_random,4,114,1.0,1.0,0.0,0.24683726219542865
ekf_random,4,115,1.0,1.0,0.0,0.24715406097356046
ekf_random,4,116,1.0,1.0,0.0,0.24680915930777794
ekf_random,4,117,1.0,1.0,0.0,0.24690884461963575
ekf_random,4,118,0.999,0.999,0.0,0.2463955751506338
ekf_random,4,119,1.0,1.0,0.0,0.2468144805041418
ekf_random,4,120,1.0,1.0,0.0,0.24757808255483593
ekf_random,4,121,1.0,1.0,0.0,0.24656735778399738
ekf_random,4,122,1.0,1.0,0.0,0.2471680449756822
ekf_random,4,123,1.0,1.0,0.0,0.2469320377902089
ekf_random,4,124,1.0,1.0,0.0,0.24652715504146394
ekf_random,4,125,1.0,1.0,0.0,0.24737263353983224
ekf_random,4,126,1.0,1.0,0.0,0.24667277039704558
ekf_random,4,127,1.0,1.0,0.0,0.24710610322716375
ekf_random,4,128,0.999,0.999,0.0,0.24639529678595024
ekf_random,4,129,1.0,1.0,0.0,0.24695682842852876
ekf_random,4,130,1.0,1.0,0.0,0.2465456522646937
ekf_random,4,131,1.0,1.0,0.0,0.24725815377283236
ekf_random,4,132,1.0,1.0,0.0,0.2465587526965209
ekf_random,4,133,1.0,1.0,0.0,0.24697911064217634
ekf_random,4,134,1.0,1.0,0.0,0.2467241887422833
ekf_random,4,135,1.0,1.0,0.0,0.24659874926523215
ekf_random,4,136,1.0,1.0,0.0,0.24659578262694665
ekf_random,4,137,1.0,1.0,0.0,0.2469365175772681
ekf_random,4,138,1.0,1.0,0.0,0.24664264201689926
ekf_random,4,139,1.0,1.0,0.0,0.2466371244717091
ekf_random,4,140,1.0,1.0,0.0,0.24681542574597273
ekf_random,4,141,1.0,1.0,0.0,0.24674893594109631
ekf_random,4,142,1.0,1.0,0.0,0.2465629031962028
ekf_random,4,143,1.0,1.0,0.0,0.24680016886308248
ekf_random,4,144,1.0,1.0,0.0,0.24657044337788572
ekf_random,4,145,1.0,1.0,0.0,0.24677048382688435
ekf_random,4,146,1.0,1.0,0.0,0.24671666493113428
ekf_random,4,147,1.0,1.0,0.0,0.25909838296073356
ekf_random,4,148,1.0,1.0,0.0,0.24663555475886276
ekf_random,4,149,1.0,1.0,0.0,0.24678996213725685
ekf_random,4,150,1.0,1.0,0.0,0.2469244533076845
ekf_random,4,151,0.999,0.999,0.0,0.24638953472216554
ekf_random,4,152,1.0,1.0,0.0,0.2466872975401003
ekf_random,4,153,1.0,1.0,0.0,0.24674912066760205
ekf_random,4,154,1.0,1.0,0.0,0.24730602876660024
ekf_random,4,155,1.0,1.0,0.0,0.24660159271108148
ekf_random,4,156,1.0,1.0,0.0,0.24686548733952932
ekf_random,4,157,1.0,1.0,0.0,0.24653627067298986
ekf_random,4,158,0.999,0.999,0.0,0.24638954634808846
ekf_random,4,159,1.0,1.0,0.0,0.2467544867796162
ekf_random,4,160,1.0,1.0,0.0,0.24680558465486782
ekf_random,4,161,0.999,0.999,0.0,0.24638954917950526
ekf_random,4,162,0.999,0.999,0.0,0.2463895581450287
ekf_random,4,163,1.0,1.0,0.0,0.24718452149683162
ekf_random,4,164,1.0,1.0,0.0,0.24652830771904183
ekf_random,4,165,1.0,1.0,0.0,0.24652805578428247
ekf_random,4,166,1.0,1.0,0.0,0.2466991232375037
ekf_random,4,167,0.999,0.999,0.0,0.24639274162400837
ekf_random,4,168,1.0,1.0,0.0,0.24652493934294825
ekf_random,4,169,0.999,0.999,0.0,0.24639662405163637
ekf_random,4,170,0.999,0.999,0.0,0.24639275289134976
ekf_random,4,171,1.0,1.0,0.0,0.24673518123922156
ekf_random,4,172,0.999,0.999,0.0,0.24639305292989855
ekf_random,4,173,0.999,0.999,0.0,0.24639354144097034
ekf_random,4,174,0.999,0.999,0.0,0.24639239203738902
ekf_random,4,175,1.0,1.0,0.0,0.24638281657727035
ekf_random,4,176,1.0,1.0,0.0,0.24687133050828455
ekf_random,4,177,1.0,1.0,0.0,0.24676005473448723
ekf_random,4,178,0.999,0.999,0.0,0.2464408173373324
ekf_random,4,179,1.0,1.0,0.0,0.24642743323265065
ekf_random,4,180,1.0,1.0,0.0,0.24639390553440557
ekf_random,4,181,1.0,1.0,0.0,0.24639563851923527
ekf_random,4,182,1.0,1.0,0.0,0.24653661204594673
ekf_random,4,183,1.0,1.0,0.0,0.24655040253151828
ekf_random,4,184,1.0,1.0,0.0,0.24654864725212183
ekf_random,4,185,1.0,1.0,0.0,0.2464586090523726
ekf_random,4,186,0.999,0.999,0.0,0.24639700556463484
ekf_random,4,187,1.0,1.0,0.0,0.2465295226094907
ekf_random,4,188,0.999,0.999,0.0,0.24638686398596074
ekf_random,4,189,1.0,1.0,0.0,0.2468108578923216
ekf_random,4,190,1.0,1.0,0.0,0.24635427514567568
ekf_random,4,191,1.0,1.0,0.0,0.24642054592847798
ekf_random,4,192,1.0,1.0,0.0,0.24652627422353907
ekf_random,4,193,1.0,1.0,0.0,0.2463737999403769
ekf_random,4,194,1.0,1.0,0.0,0.24640260049905732
ekf_random,4,195,1.0,1.0,0.0,0.2468141404447731
ekf_random,4,196,1.0,1.0,0.0,0.24643490429478745
ekf_random,4,197,1.0,1.0,0.0,0.24641772649695587
ekf_random,4,198,1.0,1.0,0.0,0.24629220787134692
ekf_random,4,199,1.0,1.0,0.0,0.2463946287330045
ekf_random,4,200,1.0,1.0,0.0,0.24689884842634274
ekf_random,4,201,1.0,1.0,0.0,0.2465015191023748
ekf_random,4,202,1.0,1.0,0.0,0.24671861671669346
ekf_random,4,203,1.0,1.0,0.0,0.2468069266311163
ekf_random,4,204,1.0,1.0,0.0,0.24684652434817655
ekf_random,4,205,1.0,1.0,0.0,0.24638741878733617
ekf_random,4,206,1.0,1.0,0.0,0.2463320521897294
ekf_random,4,207,1.0,1.0,0.0,0.2464614620155533
ekf_random,4,208,1.0,1.0,0.0,0.2468082691539404
ekf_random,4,209,1.0,1.0,0.0,0.24646402946004708
ekf_random,4,210,1.0,1.0,0.0,0.2465476342464932
ekf_random,4,211,1.0,1.0,0.0,0.24712244789041746
ekf_random,4,212,1.0,1.0,0.0,0.2472828953904292
ekf_random,4,213,1.0,1.0,0.0,0.2467145562404078
ekf_random,4,214,1.0,1.0,0.0,0.2999988951415348
ekf_random,4,215,1.0,1.0,0.0,0.24647330953559185
ekf_random,4,216,1.0,1.0,0.0,0.24651828158916975
ekf_random,4,217,1.0,1.0,0.0,0.24669576950729533
ekf_random,4,218,1.0,1.0,0.0,0.24643924128065076
ekf_random,4,219,1.0,1.0,0.0,0.24721134643163084
ekf_random,4,220,1.0,1.0,0.0,0.24668523603398868
ekf_random,4,221,1.0,1.0,0.0,0.24649165458749947
ekf_random,4,222,0.999,0.999,0.0,0.2465614491764821
ekf_random,4,223,1.0,1.0,0.0,0.24651753431369983
ekf_random,4,224,1.0,1.0,0.0,0.24675112682091266
ekf_random,4,225,1.0,1.0,0.0,0.2465577616456301
ekf_random,4,226,1.0,1.0,0.0,0.2467523579320086
ekf_random,4,227,1.0,1.0,0.0,0.2466706997477438
ekf_random,4,228,1.0,1.0,0.0,0.24629142266780457
ekf_random,4,229,1.0,1.0,0.0,0.24682493063606392
ekf_random,4,230,1.0,1.0,0.0,0.2466438031705515
ekf_random,4,231,1.0,1.0,0.0,0.24742049781681186
ekf_random,4,232,1.0,1.0,0.0,0.2466174706477621
ekf_random,4,233,1.0,1.0,0.0,0.24675056782848606
ekf_random,4,234,1.0,1.0,0.0,0.24658613606375804
ekf_random,4,235,1.0,1.0,0.0,0.24655871297874116
ekf_random,4,236,1.0,1.0,0.0,0.24653394874884418
ekf_random,4,237,1.0,1.0,0.0,0.24660116295726878
ekf_random,4,238,1.0,1.0,0.0,0.24667320419082014
ekf_random,4,239,1.0,1.0,0.0,0.24667618396270985
ekf_random,4,240,1.0,1.0,0.0,0.246599239366817
ekf_random,4,241,1.0,1.0,0.0,0.2466136244276777
ekf_random,4,242,1.0,1.0,0.0,0.24654273255384979
ekf_random,4,243,1.0,1.0,0.0,0.24659528469700337
ekf_random,4,244,1.0,1.0,0.0,0.24657978392299848
ekf_random,4,245,1.0,1.0,0.0,0.2465576082032089
ekf_random,4,246,1.0,1.0,0.0,0.24654984071232097
ekf_random,4,247,1.0,1.0,0.0,0.2999991645245157
ekf_random,4,248,1.0,1.0,0.0,0.2465407980470157
ekf_random,4,249,1.0,1.0,0.0,0.24689365260895585
ekf_random,4,250,0.999,0.999,0.0,0.2463895347621803
ekf_random,4,251,0.999,0.999,0.0,0.2463895347621803
ekf_centrality,0,0,0.005,0.005,0.0,0.000741936177495815
ekf_centrality,0,1,0.007,0.007,0.0,0.0013545464721377205
ekf_centrality,0,2,0.008,0.008,0.0,0.001856605176864224
ekf_centrality,0,3,0.007,0.007,0.0,0.001549704375636363
ekf_centrality,0,4,0.007,0.007,0.0,0.0014917803345174238
ekf_centrality,0,5,0.008,0.008,0.0,0.0017586604775232792
ekf_centrality,0,6,0.015,0.015,0.0,0.0036774986413524503
ekf_centrality,0,7,0.021,0.021,0.0,0.005899004182908939
ekf_centrality,0,8,0.004,0.004,0.0,0.0007588416861165912
ekf_centrality,0,9,0.007,0.007,0.0,0.0014411650266250135
ekf_centrality,0,10,1.0,1.0,0.0,0.30000000000000565
ekf_centrality,0,11,0.022,0.022,0.0,0.005773114753638059
ekf_centrality,0,12,0.007,0.007,0.0,0.0016500641862534997
ekf_centrality,0,13,0.021,0.021,0.0,0.005460683760978024
ekf_centrality,0,14,0.023,0.023,0.0,0.005846299383107014
ekf_centrality,0,15,0.005,0.005,0.0,0.0012780405848061766
ekf_centrality,0,16,0.028,0.028,0.0,0.007794852511910482
ekf_centrality,0,17,0.004,0.004,0.0,0.0006732053109297593
ekf_centrality,0,18,0.021,0.021,0.0,0.0058622839813664
ekf_centrality,0,19,1.0,1.0,0.0,0.29999955688782426
ekf_centrality,0,20,0.009,0.009,0.0,0.002018546215708071
ekf_centrality,0,21,0.029,0.029,0.0,0.008370163730137973
ekf_centrality,0,22,0.006,0.006,0.0,0.0014990605811952813
ekf_centrality,0,23,0.02,0.02,0.0,0.005598939421877754
ekf_centrality,0,24,0.014,0.014,0.0,0.003983983666840298
ekf_centrality,0,25,0.006,0.006,0.0,0.0014682945491625
ekf_centrality,0,26,0.019,0.019,0.0,0.00449483027823009
ekf_centrality,0,27,0.005,0.005,0.0,0.0009652408678850409
ekf_centrality,0,28,0.011,0.011,0.0,0.002659347638723434
ekf_centrality,0,29,0.018,0.018,0.0,0.00524959946380974
ekf_centrality,0,30,0.011,0.011,0.0,0.002874337697184916
ekf_centrality,0,31,0.008,0.008,0.0,0.001972666950933861
ekf_centrality,0,32,0.011,0.011,0.0,0.0029906617067794747
ekf_centrality,0,33,0.013,0.013,0.0,0.003316119175600738
ekf_centrality,0,34,0.022,0.022,0.0,0.005000339638989846
ekf_centrality,0,35,0.005,0.005,0.0,0.0010173470327414144
ekf_centrality,0,36,0.004,0.004,0.0,0.0010661191721858421
ekf_centrality,0,37,0.008,0.008,0.0,0.00219114850756687
ekf_centrality,0,38,0.004,0.004,0.0,0.0011387910441010426
ekf_centrality,0,39,0.004,0.004,0.0,0.0005639739304637392
ekf_centrality,0,40,0.005,0.005,0.0,0.001454813658593475
ekf_centrality,0,41,0.018,0.018,0.0,0.004149865346458934
ekf_centrality,0,42,0.006,0.006,0.0,0.001650937094929768
ekf_centrality,0,43,1.0,1.0,0.0,0.30000000000000565
ekf_centrality,0,44,0.014,0.014,0.0,0.0036523645469233737
ekf_centrality,0,45,0.01,0.01,0.0,0.002742514176161727
ekf_centrality,0,46,0.004,0.004,0.0,0.0005153405726400022
ekf_centrality,0,47,0.014,0.014,0.0,0.0035573077105050914
ekf_centrality,0,48,0.004,0.004,0.0,0.0005396806264720256
ekf_centrality,0,49,1.0,1.0,0.0,0.30000000000000565
ekf_centrality,0,50,0.004,0.004,0.0,0.0005258813939127535
ekf_centrality,0,51,0.016,0.016,0.0,0.004416089476254938
ekf_centrality,0,52,0.008,0.008,0.0,0.002012697481900325
ekf_centrality,0,53,0.005,0.005,0.0,0.0009233100937474488
ekf_centrality,0,54,0.004,0.004,0.0,0.0005143595733815114
ekf_centrality,0,55,0.003,0.003,0.0,0.0006039050401132389
ekf_centrality,0,56,0.017,0.017,0.0,0.004276904608081093
ekf_centrality,0,57,0.016,0.016,0.0,0.004297943085507917
ekf_centrality,0,58,0.01,0.01,0.0,0.0026205951030179205
ekf_centrality,0,59,0.004,0.004,0.0,0.0005707259119274548
ekf_centrality,0,60,0.007,0.007,0.0,0.0017109545826394163
ekf_centrality,0,61,0.009,0.009,0.0,0.002681679268445563
ekf_centrality,0,62,0.015,0.015,0.0,0.0037590282992703405
ekf_centrality,0,63,0.005,0.005,0.0,0.0009503364046694288
ekf_centrality,0,64,0.014,0.014,0.0,0.00364169356840268
ekf_centrality,0,65,0.007,0.007,0.0,0.001823673806117481
ekf_centrality,0,66,0.007,0.007,0.0,0.00181851625110659
ekf_centrality,0,67,0.01,0.01,0.0,0.0025753822865948314
ekf_centrality,0,68,0.002,0.002,0.0,0.00040997704703554636
ekf_centrality,0,69,0.004,0.004,0.0,0.0006657390512761189
ekf_centrality,0,70,0.002,0.002,0.0,0.00033751592446471527
ekf_centrality,0,71,0.015,0.015,0.0,0.0039250762367657645
ekf_centrality,0,72,0.002,0.002,0.0,0.0003328818160862059
ekf_centrality,0,73,0.004,0.004,0.0,0.0011842371093960973
ekf_centrality,0,74,0.014,0.014,0.0,0.0035343256308751543
ekf_centrality,0,75,0.01,0.01,0.0,0.00266852819868251
ekf_centrality,0,76,0.01,0.01,0.0,0.0026823816842159367
ekf_centrality,0,77,0.003,0.003,0.0,0.0005061433683854146
ekf_centrality,0,78,0.003,0.003,0.0,0.0006369024385941795
ekf_centrality,0,79,0.005,0.005,0.0,0.0008666229112517433
ekf_centrality,0,80,0.013,0.013,0.0,0.0030268548807232012
ekf_centrality,0,81,0.014,0.014,0.0,0.0034776994817526173
ekf_centrality,0,82,0.002,0.002,0.0,0.0005967623853535132
ekf_centrality,0,83,0.013,0.013,0.0,0.0032468082945631568
ekf_centrality,0,84,0.004,0.004,0.0,0.0005705152200436307
ekf_centrality,0,85,0.012,0.012,0.0,0.003248201205329871
ekf_centrality,0,86,0.014,0.014,0.0,0.003959178871496858
ekf_centrality,0,87,0.01,0.01,0.0,0.0022144165796085763
ekf_centrality,0,88,0.003,0.003,0.0,0.000661909206392829
ekf_centrality,0,89,0.004,0.004,0.0,0.0006456011095140756
ekf_centrality,0,90,0.011,0.011,0.0,0.0029345214236581657
ekf_centrality,0,91,0.017,0.017,0.0,0.0049246087686827655
ekf_centrality,0,92,0.012,0.012,0.0,0.00276416000691276
ekf_centrality,0,93,0.012,0.012,0.0,0.002760126709070605
ekf_centrality,0,94,0.003,0.003,0.0,0.000896234331356571
ekf_centrality,0,95,0.007,0.007,0.0,0.002060233046030818
ekf_centrality,0,96,0.013,0.013,0.0,0.0031966677334278356
ekf_centrality,0,97,0.02,0.02,0.0,0.005466374606662311
ekf_centrality,0,98,0.01,0.01,0.0,0.002128511216692219
ekf_centrality,0,99,0.003,0.003,0.0,0.0008580512295174077
ekf_centrality,0,100,0.004,0.004,0.0,0.000943437914934977
ekf_centrality,0,101,0.003,0.003,0.0,0.0008959471496524047
ekf_centrality,0,102,0.004,0.004,0.0,0.0006445216150907993
ekf_centrality,0,103,0.013,0.013,0.0,0.003897726896153769
ekf_centrality,0,104,0.006,0.006,0.0,0.0017772774398643835
ekf_centrality,0,105,0.011,0.011,0.0,0.0029616604459860004
ekf_centrality,0,106,0.011,0.011,0.0,0.002624201490067032
ekf_centrality,0,107,0.02,0.02,0.0,0.005867861739629223
ekf_centrality,0,108,0.012,0.012,0.0,0.002591698619999061
ekf_centrality,0,109,0.014,0.014,0.0,0.004196361075348633
ekf_centrality,0,110,0.018,0.018,0.0,0.0048084263142865276
ekf_centrality,0,111,0.004,0.004,0.0,0.0006677085774913107
ekf_centrality,0,112,0.01,0.01,0.0,0.0015564653091394657
ekf_centrality,0,113,0.007,0.007,0.0,0.002090653245550387
ekf_centrality,0,114,0.011,0.011,0.0,0.002520940129209078
ekf_centrality,0,115,0.014,0.014,0.0,0.003328106015725617
ekf_centrality,0,116,0.011,0.011,0.0,0.002510528383690206
ekf_centrality,0,117,0.011,0.011,0.0,0.0029502659611978094
ekf_centrality,0,118,0.004,0.004,0.0,0.000377567348820427
ekf_centrality,0,119,0.011,0.011,0.0,0.002694366992920916
ekf_centrality,0,120,0.023,0.023,0.0,0.005746508018352413
ekf_centrality,0,121,0.006,0.006,0.0,0.001055932441334094
ekf_centrality,0,122,0.012,0.012,0.0,0.003422553868440434
ekf_centrality,0,123,0.007,0.007,0.0,0.001346787505852137
ekf_centrality,0,124,0.004,0.004,0.0,0.0011339567458251256
ekf_centrality,0,125,0.015,0.015,0.0,0.003431824307587264
ekf_centrality,0,126,0.005,0.005,0.0,0.0012837959879348079
ekf_centrality,0,127,0.01,0.01,0.0,0.0028454665240194355
ekf_centrality,0,128,0.004,0.004,0.0,0.00037763098037950306
ekf_centrality,0,129,0.009,0.009,0.0,0.0020179128915210117
ekf_centrality,0,130,0.006,0.006,0.0,0.0011821623435371166
ekf_centrality,0,131,0.017,0.017,0.0,0.004862008215285152
ekf_centrality,0,132,0.005,0.005,0.0,0.0010351851445163165
ekf_centrality,0,133,0.008,0.008,0.0,0.002037604678188327
ekf_centrality,0,134,0.009,0.009,0.0,0.0022349586904759577
ekf_centrality,0,135,0.007,0.007,0.0,0.0014590368350841736
ekf_centrality,0,136,0.012,0.012,0.0,0.0032224541928090327
ekf_centrality,0,137,0.007,0.007,0.0,0.001940959796851067
ekf_centrality,0,138,0.003,0.003,0.0,0.0006616141351344393
ekf_centrality,0,139,0.003,0.003,0.0,0.0006475551014791788
ekf_centrality,0,140,0.006,0.006,0.0,0.0012798172003417917
ekf_centrality,0,141,0.009,0.009,0.0,0.002011851865998449
ekf_centrality,0,142,0.007,0.007,0.0,0.0016056346139955752
ekf_centrality,0,143,0.008,0.008,0.0,0.002044127482466607
ekf_centrality,0,144,0.002,0.002,0.0,0.0005597918652804886
ekf_centrality,0,145,0.008,0.008,0.0,0.0017161218926750172
ekf_centrality,0,146,0.008,0.008,0.0,0.001740127972455167
ekf_centrality,0,147,0.213,0.213,0.0,0.06366242525105523
ekf_centrality,0,148,0.009,0.009,0.0,0.0020551410795103917
ekf_centrality,0,149,0.006,0.006,0.0,0.0008194640982954542
ekf_centrality,0,150,0.006,0.006,0.0,0.0015498605976648322
ekf_centrality,0,151,0.004,0.004,0.0,0.000377736308504269
ekf_centrality,0,152,0.005,0.005,0.0,0.0014061386350086432
ekf_centrality,0,153,0.008,0.008,0.0,0.0016740400457799303
ekf_centrality,0,154,0.02,0.02,0.0,0.005144157041956115
ekf_centrality,0,155,0.01,0.01,0.0,0.0023284759203197813
ekf_centrality,0,156,0.005,0.005,0.0,0.0011286301961966872
ekf_centrality,0,157,0.002,0.002,0.0,0.0004458832627163449
ekf_centrality,0,158,0.004,0.004,0.0,0.00037773481571322577
ekf_centrality,0,159,0.006,0.006,0.0,0.0008073808326595505
ekf_centrality,0,160,0.008,0.008,0.0,0.0017563552139633156
ekf_centrality,0,161,0.004,0.004,0.0,0.0003777344156039182
ekf_centrality,0,162,0.004,0.004,0.0,0.00037773137501812524
ekf_centrality,0,163,0.021,0.021,0.0,0.005186394603798113
ekf_centrality,0,164,0.002,0.002,0.0,0.00039998351131367306
ekf_centrality,0,165,0.002,0.002,0.0,0.00036198680691125874
ekf_centrality,0,166,0.006,0.006,0.0,0.001749596782702745
ekf_centrality,0,167,0.004,0.004,0.0,0.0003758744380424115
ekf_centrality,0,168,0.002,0.002,0.0,0.00034636263534788505
ekf_centrality,0,169,0.003,0.003,0.0,0.00037496134628759337
ekf_centrality,0,170,0.003,0.003,0.0,0.0003757182243184031
ekf_centrality,0,171,0.006,0.006,0.0,0.0017992483574485107
ekf_centrality,0,172,0.003,0.003,0.0,0.00037531845841857846
ekf_centrality,0,173,0.003,0.003,0.0,0.0003748500703925801
ekf_centrality,0,174,0.003,0.003,0.0,0.00037686120747955885
ekf_centrality,0,175,0.003,0.003,0.0,0.00023813445894234743
ekf_centrality,0,176,0.011,0.011,0.0,0.0025178740139538787
ekf_centrality,0,177,0.008,0.008,0.0,0.002399250446033763
ekf_centrality,0,178,0.004,0.004,0.0,0.0006669831181677366
ekf_centrality,0,179,0.004,0.004,0.0,0.0004816901164679912
ekf_centrality,0,180,0.003,0.003,0.0,0.0003009690305842507
ekf_centrality,0,181,0.003,0.003,0.0,0.00029390297277379085
ekf_centrality,0,182,0.001,0.001,0.0,0.0002992308848664625
ekf_centrality,0,183,0.001,0.001,0.0,0.0002991831388176852
ekf_centrality,0,184,0.001,0.001,0.0,0.0002991994066746889
ekf_centrality,0,185,0.003,0.003,0.0,0.0003591344496348745
ekf_centrality,0,186,0.003,0.003,0.0,0.0003757722410939014
ekf_centrality,0,187,0.001,0.001,0.0,0.00029836533017550546
ekf_centrality,0,188,0.003,0.003,0.0,0.0003627480081450747
ekf_centrality,0,189,0.009,0.009,0.0,0.0016925399095572492
ekf_centrality,0,190,0.003,0.003,0.0,0.00039732023746804235
ekf_centrality,0,191,0.003,0.003,0.0,0.0003041779449145502
ekf_centrality,0,192,0.001,0.001,0.0,0.00029872943454946474
ekf_centrality,0,193,0.002,0.002,0.0,0.00017012625926070429
ekf_centrality,0,194,0.002,0.002,0.0,0.00010903822193939874
ekf_centrality,0,195,0.009,0.009,0.0,0.002349205387622946
ekf_centrality,0,196,0.003,0.003,0.0,0.0004850890570914672
ekf_centrality,0,197,0.004,0.004,0.0,0.0004628552032769324
ekf_centrality,0,198,0.005,0.005,0.0,0.0010386696605621938
ekf_centrality,0,199,0.003,0.003,0.0,0.0004670543662911623
ekf_centrality,0,200,0.009,0.009,0.0,0.0025300787182615885
ekf_centrality,0,201,0.004,0.004,0.0,0.0005288968030383388
ekf_centrality,0,202,0.009,0.009,0.0,0.002364589808243563
ekf_centrality,0,203,0.008,0.008,0.0,0.0022532257519203088
ekf_centrality,0,204,0.01,0.01,0.0,0.0025478414503251274
ekf_centrality,0,205,0.002,0.002,0.0,0.0005738677540772683
ekf_centrality,0,206,0.003,0.003,0.0,0.00023864821397690604
ekf_centrality,0,207,0.001,0.001,0.0,0.00029980384725584173
ekf_centrality,0,208,0.007,0.007,0.0,0.0016146025429589696
ekf_centrality,0,209,0.003,0.003,0.0,0.0004418721116550172
ekf_centrality,0,210,0.003,0.003,0.0,0.0007169946490392717
ekf_centrality,0,211,0.015,0.015,0.0,0.004154677979525262
ekf_centrality,0,212,0.015,0.015,0.0,0.0042548824428931716
ekf_centrality,0,213,0.007,0.007,0.0,0.0017667252165381464
ekf_centrality,0,214,1.0,1.0,0.0,0.2999994664041319
ekf_centrality,0,215,0.005,0.005,0.0,0.0008654529333625611
ekf_centrality,0,216,0.004,0.004,0.0,0.0008593144007777749
ekf_centrality,0,217,0.009,0.009,0.0,0.00193473567069307
ekf_centrality,0,218,0.003,0.003,0.0,0.00035058671818188566
ekf_centrality,0,219,0.018,0.018,0.0,0.005063124049563141
ekf_centrality,0,220,0.004,0.004,0.0,0.0011198373276274686
ekf_centrality,0,221,0.004,0.004,0.0,0.0007593344557655613
ekf_centrality,0,222,0.006,0.006,0.0,0.001273700941921755
ekf_centrality,0,223,0.004,0.004,0.0,0.0008327961994911494
ekf_centrality,0,224,0.008,0.008,0.0,0.001994826153071564
ekf_centrality,0,225,0.005,0.005,0.0,0.0010450589042402911
ekf_centrality,0,226,0.009,0.009,0.0,0.0020729693343930927
ekf_centrality,0,227,0.006,0.006,0.0,0.0014774573460724996
ekf_centrality,0,228,0.013,0.013,0.0,0.003326194521970891
ekf_centrality,0,229,0.005,0.005,0.0,0.0012865873784388688
ekf_centrality,0,230,0.005,0.005,0.0,0.0011171402389526341
ekf_centrality,0,231,0.021,0.021,0.0,0.005611459411819048
ekf_centrality,0,232,0.004,0.004,0.0,0.001074461931233878
ekf_centrality,0,233,0.009,0.009,0.0,0.002046626028043917
ekf_centrality,0,234,0.004,0.004,0.0,0.0010631917446466091
ekf_centrality,0,235,0.003,0.003,0.0,0.0006915101234576335
ekf_centrality,0,236,0.004,0.004,0.0,0.0006846702706499974
ekf_centrality,0,237,0.007,0.007,0.0,0.0015231795685892462
ekf_centrality,0,238,0.008,0.008,0.0,0.001670022022446289
ekf_centrality,0,239,0.006,0.006,0.0,0.001477639308059747
ekf_centrality,0,240,0.007,0.007,0.0,0.0014662156685352108
ekf_centrality,0,241,0.005,0.005,0.0,0.0011770766294323044
ekf_centrality,0,242,0.004,0.004,0.0,0.0008239522996706888
ekf_centrality,0,243,0.006,0.006,0.0,0.0011168274898432982
ekf_centrality,0,244,0.005,0.005,0.0,0.0008299103135420442
ekf_centrality,0,245,0.006,0.006,0.0,0.0010227568037158715
ekf_centrality,0,246,0.006,0.006,0.0,0.0009821663545583174
ekf_centrality,0,247,1.0,1.0,0.0,0.29999980730587
ekf_centrality,0,248,0.003,0.003,0.0,0.0007087369482575855
ekf_centrality,0,249,0.01,0.01,0.0,0.0026205951030179205
ekf_centrality,0,250,0.004,0.004,0.0,0.0003777364686131477
ekf_centrality,0,251,0.004,0.004,0.0,0.0003777364686131477
ekf_centrality,1,0,0.003,0.003,0.0,0.0006079632056760544
ekf_centrality,1,1,0.011,0.011,0.0,0.0016006240894732536
ekf_centrality,1,2,0.013,0.013,0.0,0.0023871741947291843
ekf_centrality,1,3,0.012,0.012,0.0,0.0020164886864947654
ekf_centrality,1,4,0.012,0.012,0.0,0.0019522643394840015
ekf_centrality,1,5,0.007,0.007,0.0,0.001595626549626881
ekf_centrality,1,6,0.016,0.016,0.0,0.0037320315450295512
ekf_centrality,1,7,0.02,0.02,0.0,0.0058195278454644655
ekf_centrality,1,8,0.005,0.005,0.0,0.00065796585976739
ekf_centrality,1,9,0.006,0.006,0.0,0.0013482510038560558
ekf_centrality,1,10,1.0,1.0,0.0,0.30000000000000565
ekf_centrality,1,11,0.022,0.022,0.0,0.005539009863152202
ekf_centrality,1,12,0.009,0.009,0.0,0.001801474916950924
ekf_centrality,1,13,0.021,0.021,0.0,0.005243310896970869
ekf_centrality,1,14,0.022,0.022,0.0,0.005596658750811919
ekf_centrality,1,15,0.005,0.005,0.0,0.0012036921782939366
ekf_centrality,1,16,0.027,0.027,0.0,0.007659409014210167
ekf_centrality,1,17,0.009,0.009,0.0,0.0012381784482617154
ekf_centrality,1,18,0.02,0.02,0.0,0.005727374073408808
ekf_centrality,1,19,1.0,1.0,0.0,0.299999398871597
ekf_centrality,1,20,0.01,0.01,0.0,0.002078850403389398
ekf_centrality,1,21,0.029,0.029,0.0,0.008222576278293606
ekf_centrality,1,22,0.006,0.006,0.0,0.0015213666055351605
ekf_centrality,1,23,0.019,0.019,0.0,0.005437818292871707
ekf_centrality,1,24,0.014,0.014,0.0,0.003898001246377321
ekf_centrality,1,25,0.006,0.006,0.0,0.0014460938335947038
ekf_centrality,1,26,0.016,0.016,0.0,0.004246563577466688
ekf_centrality,1,27,0.011,0.011,0.0,0.0015594811358864997
ekf_centrality,1,28,0.012,0.012,0.0,0.002795997356032464
ekf_centrality,1,29,0.018,0.018,0.0,0.005170111489601468
ekf_centrality,1,30,0.01,0.01,0.0,0.0027960594457855583
ekf_centrality,1,31,0.012,0.012,0.0,0.0023127847953498953
ekf_centrality,1,32,0.011,0.011,0.0,0.002851183399691885
ekf_centrality,1,33,0.012,0.012,0.0,0.0031698754413814383
ekf_centrality,1,34,0.019,0.019,0.0,0.004673943779466068
ekf_centrality,1,35,0.004,0.004,0.0,0.0009038566486649491
ekf_centrality,1,36,0.005,0.005,0.0,0.0010057854623673629
ekf_centrality,1,37,0.007,0.007,0.0,0.002097582666942079
ekf_centrality,1,38,0.005,0.005,0.0,0.0011533773171232152
ekf_centrality,1,39,0.009,0.009,0.0,0.001033480153217358
ekf_centrality,1,40,0.005,0.005,0.0,0.001427206180795127
ekf_centrality,1,41,0.016,0.016,0.0,0.003890632140861441
ekf_centrality,1,42,0.006,0.006,0.0,0.0015447248466049289
ekf_centrality,1,43,1.0,1.0,0.0,0.30000000000000565
ekf_centrality,1,44,0.014,0.014,0.0,0.0034540724256159816
ekf_centrality,1,45,0.01,0.01,0.0,0.002625179223516622
ekf_centrality,1,46,0.003,0.003,0.0,0.0003275316330814052
ekf_centrality,1,47,0.014,0.014,0.0,0.003350192488675796
ekf_centrality,1,48,0.009,0.009,0.0,0.0009770112491915945
ekf_centrality,1,49,1.0,1.0,0.0,0.30000000000000565
ekf_centrality,1,50,0.009,0.009,0.0,0.0009446432731420835
ekf_centrality,1,51,0.016,0.016,0.0,0.004281341906070631
ekf_centrality,1,52,0.007,0.007,0.0,0.0018830211098977492
ekf_centrality,1,53,0.01,0.01,0.0,0.0014662465430404555
ekf_centrality,1,54,0.009,0.009,0.0,0.000917575745513901
ekf_centrality,1,55,0.002,0.002,0.0,0.0005995476606367278
ekf_centrality,1,56,0.018,0.018,0.0,0.004400009109165825
ekf_centrality,1,57,0.015,0.015,0.0,0.004110648431805547
ekf_centrality,1,58,0.009,0.009,0.0,0.002484345751707699
ekf_centrality,1,59,0.009,0.009,0.0,0.0010482870794708186
ekf_centrality,1,60,0.006,0.006,0.0,0.001555686396095948
ekf_centrality,1,61,0.01,0.01,0.0,0.0026843815629341594
ekf_centrality,1,62,0.013,0.013,0.0,0.0035629913958869037
ekf_centrality,1,63,0.008,0.008,0.0,0.0011789708454982457
ekf_centrality,1,64,0.012,0.012,0.0,0.003493122187885781
ekf_centrality,1,65,0.007,0.007,0.0,0.0016867545104359003
ekf_centrality,1,66,0.007,0.007,0.0,0.0016937627382451201
ekf_centrality,1,67,0.009,0.009,0.0,0.0024773116193906276
ekf_centrality,1,68,0.003,0.003,0.0,0.0005841799637052754
ekf_centrality,1,69,0.01,0.01,0.0,0.0012720480872122897
ekf_centrality,1,70,0.002,0.002,0.0,0.0003704391958921264
ekf_centrality,1,71,0.014,0.014,0.0,0.0037598677045181626
ekf_centrality,1,72,0.002,0.002,0.0,0.000322882986598816
ekf_centrality,1,73,0.005,0.005,0.0,0.001261468211975093
ekf_centrality,1,74,0.012,0.012,0.0,0.00335982631554253
ekf_centrality,1,75,0.01,0.01,0.0,0.002498309798908909
ekf_centrality,1,76,0.01,0.01,0.0,0.002527930420518459
ekf_centrality,1,77,0.002,0.002,0.0,0.0003369149232005554
ekf_centrality,1,78,0.003,0.003,0.0,0.0006536052812201032
ekf_centrality,1,79,0.005,0.005,0.0,0.0008578467601062154
ekf_centrality,1,80,0.012,0.012,0.0,0.002856935642521167
ekf_centrality,1,81,0.013,0.013,0.0,0.003332351692336836
ekf_centrality,1,82,0.002,0.002,0.0,0.0005988501992471578
ekf_centrality,1,83,0.013,0.013,0.0,0.0030777919337007026
ekf_centrality,1,84,0.004,0.004,0.0,0.0004214263155429407
ekf_centrality,1,85,0.011,0.011,0.0,0.0031330380893200348
ekf_centrality,1,86,0.014,0.014,0.0,0.003856022853357761
ekf_centrality,1,87,0.013,0.013,0.0,0.002867382226297274
ekf_centrality,1,88,0.002,0.002,0.0,0.000599029223464136
ekf_centrality,1,89,0.005,0.005,0.0,0.0005744181890916122
ekf_centrality,1,90,0.011,0.011,0.0,0.0027530263009328403
ekf_centrality,1,91,0.017,0.017,0.0,0.0048378267128707485
ekf_centrality,1,92,0.011,0.011,0.0,0.0025061363255254715
ekf_centrality,1,93,0.011,0.011,0.0,0.0025050008905556594
ekf_centrality,1,94,0.004,0.004,0.0,0.0009379936058467873
ekf_centrality,1,95,0.007,0.007,0.0,0.002033084823301944
ekf_centrality,1,96,0.013,0.013,0.0,0.002966117956378083
ekf_centrality,1,97,0.022,0.022,0.0,0.005695150819575541
ekf_centrality,1,98,0.011,0.011,0.0,0.002353254762940624
ekf_centrality,1,99,0.003,0.003,0.0,0.0008239634257723969
ekf_centrality,1,100,0.003,0.003,0.0,0.0008965550448089423
ekf_centrality,1,101,0.004,0.004,0.0,0.0009125436481883085
ekf_centrality,1,102,0.009,0.009,0.0,0.0010097512769675636
ekf_centrality,1,103,0.013,0.013,0.0,0.0038984435070758615
ekf_centrality,1,104,0.006,0.006,0.0,0.0017567942943770964
ekf_centrality,1,105,0.01,0.01,0.0,0.0028533797593916577
ekf_centrality,1,106,0.01,0.01,0.0,0.002423033819815122
ekf_centrality,1,107,0.02,0.02,0.0,0.005801453205045181
ekf_centrality,1,108,0.011,0.011,0.0,0.0023489863133405
ekf_centrality,1,109,0.014,0.014,0.0,0.004197844378713524
ekf_centrality,1,110,0.018,0.018,0.0,0.004636691716584384
ekf_centrality,1,111,0.01,0.01,0.0,0.0012610328943300315
ekf_centrality,1,112,0.006,0.006,0.0,0.0013840985884785557
ekf_centrality,1,113,0.008,0.008,0.0,0.002103466943469424
ekf_centrality,1,114,0.011,0.011,0.0,0.0022433059119642646
ekf_centrality,1,115,0.013,0.013,0.0,0.0030589086088423207
ekf_centrality,1,116,0.01,0.01,0.0,0.0022325908142891396
ekf_centrality,1,117,0.01,0.01,0.0,0.0028853720946881573
ekf_centrality,1,118,0.009,0.009,0.0,0.0010027695182509464
ekf_centrality,1,119,0.009,0.009,0.0,0.0025876016575926575
ekf_centrality,1,120,0.021,0.021,0.0,0.005507357175377986
ekf_centrality,1,121,0.003,0.003,0.0,0.0008994456747123508
ekf_centrality,1,122,0.012,0.012,0.0,0.003321258940742203
ekf_centrality,1,123,0.005,0.005,0.0,0.0012002100824243757
ekf_centrality,1,124,0.004,0.004,0.0,0.0010910222944254908
ekf_centrality,1,125,0.013,0.013,0.0,0.0031936884720027937
ekf_centrality,1,126,0.004,0.004,0.0,0.0011980619758847734
ekf_centrality,1,127,0.01,0.01,0.0,0.002741348380345691
ekf_centrality,1,128,0.009,0.009,0.0,0.0010030563927273042
ekf_centrality,1,129,0.007,0.007,0.0,0.0018630114318225293
ekf_centrality,1,130,0.011,0.011,0.0,0.0015086513146308769
ekf_centrality,1,131,0.016,0.016,0.0,0.004754092546664753
ekf_centrality,1,132,0.004,0.004,0.0,0.0009326661895673086
ekf_centrality,1,133,0.007,0.007,0.0,0.0019026896689871607
ekf_centrality,1,134,0.012,0.012,0.0,0.002415394263701835
ekf_centrality,1,135,0.012,0.012,0.0,0.0017210178851416469
ekf_centrality,1,136,0.012,0.012,0.0,0.003179507112910881
ekf_centrality,1,137,0.008,0.008,0.0,0.0018443683402748626
ekf_centrality,1,138,0.002,0.002,0.0,0.0005964616098870772
ekf_centrality,1,139,0.002,0.002,0.0,0.000596118749059962
ekf_centrality,1,140,0.004,0.004,0.0,0.0011962879687723148
ekf_centrality,1,141,0.009,0.009,0.0,0.002015684295224647
ekf_centrality,1,142,0.009,0.009,0.0,0.001570269093792831
ekf_centrality,1,143,0.007,0.007,0.0,0.002005447821426754
ekf_centrality,1,144,0.004,0.004,0.0,0.0006115869368441464
ekf_centrality,1,145,0.008,0.008,0.0,0.0016396105070158428
ekf_centrality,1,146,0.006,0.006,0.0,0.0015438958338798796
ekf_centrality,1,147,0.214,0.214,0.0,0.06378140392320074
ekf_centrality,1,148,0.012,0.012,0.0,0.00217758010146228
ekf_centrality,1,149,0.004,0.004,0.0,0.0006531992304834796
ekf_centrality,1,150,0.005,0.005,0.0,0.0014413089833056256
ekf_centrality,1,151,0.009,0.009,0.0,0.0010035239208995381
ekf_centrality,1,152,0.005,0.005,0.0,0.0013446784984933872
ekf_centrality,1,153,0.006,0.006,0.0,0.0015187045393013534
ekf_centrality,1,154,0.02,0.02,0.0,0.005005081267738668
ekf_centrality,1,155,0.008,0.008,0.0,0.002101297925053753
ekf_centrality,1,156,0.005,0.005,0.0,0.0010300310205127615
ekf_centrality,1,157,0.002,0.002,0.0,0.00034164840432187216
ekf_centrality,1,158,0.009,0.009,0.0,0.0010035171212631239
ekf_centrality,1,159,0.004,0.004,0.0,0.0006294804989107975
ekf_centrality,1,160,0.013,0.013,0.0,0.0022377445143455326
ekf_centrality,1,161,0.009,0.009,0.0,0.0010035155190067954
ekf_centrality,1,162,0.009,0.009,0.0,0.0010035056201814342
ekf_centrality,1,163,0.018,0.018,0.0,0.004987945304641596
ekf_centrality,1,164,0.001,0.001,0.0,0.00029992772301816445
ekf_centrality,1,165,0.001,0.001,0.0,0.0002999088405276769
ekf_centrality,1,166,0.007,0.007,0.0,0.0017426997861794422
ekf_centrality,1,167,0.009,0.009,0.0,0.0010033226827595005
ekf_centrality,1,168,0.001,0.001,0.0,0.00029989949400642047
ekf_centrality,1,169,0.009,0.009,0.0,0.000992216565177223
ekf_centrality,1,170,0.009,0.009,0.0,0.0010015784513999267
ekf_centrality,1,171,0.006,0.006,0.0,0.0017992229651409564
ekf_centrality,1,172,0.009,0.009,0.0,0.0010014124679769316
ekf_centrality,1,173,0.009,0.009,0.0,0.0009967214586999998
ekf_centrality,1,174,0.009,0.009,0.0,0.0010001642854410666
ekf_centrality,1,175,0.002,0.002,0.0,8.898652240535506e-05
ekf_centrality,1,176,0.009,0.009,0.0,0.0023280189163156027
ekf_centrality,1,177,0.01,0.01,0.0,0.0024689996905201
ekf_centrality,1,178,0.009,0.009,0.0,0.0011349594028399086
ekf_centrality,1,179,0.006,0.006,0.0,0.000529554234913682
ekf_centrality,1,180,0.003,0.003,0.0,0.00036589877039956155
ekf_centrality,1,181,0.003,0.003,0.0,0.0003346382262896018
ekf_centrality,1,182,0.001,0.001,0.0,0.0002995163801622265
ekf_centrality,1,183,0.001,0.001,0.0,0.0002994613597701731
ekf_centrality,1,184,0.001,0.001,0.0,0.0002994813683256088
ekf_centrality,1,185,0.003,0.003,0.0,0.00022040914579183867
ekf_centrality,1,186,0.009,0.009,0.0,0.000996142102128292
ekf_centrality,1,187,0.002,0.002,0.0,0.00030089324316273706
ekf_centrality,1,188,0.008,0.008,0.0,0.0008364045302768863
ekf_centrality,1,189,0.009,0.009,0.0,0.0014234438280247871
ekf_centrality,1,190,0.003,0.003,0.0,0.00030098479308778215
ekf_centrality,1,191,0.002,0.002,0.0,6.55412713686428e-05
ekf_centrality,1,192,0.001,0.001,0.0,0.0002988883145426613
ekf_centrality,1,193,0.002,0.002,0.0,3.589825201974456e-05
ekf_centrality,1,194,0.0,0.0,0.0,0.0
ekf_centrality,1,195,0.008,0.008,0.0,0.002259574859252634
ekf_centrality,1,196,0.002,0.002,0.0,0.0003683162928097721
ekf_centrality,1,197,0.003,0.003,0.0,0.0004525498041149531
ekf_centrality,1,198,0.003,0.003,0.0,0.0008336464952938387
ekf_centrality,1,199,0.002,0.002,0.0,0.0003035859319974228
ekf_centrality,1,200,0.009,0.009,0.0,0.0024349399562885207
ekf_centrality,1,201,0.004,0.004,0.0,0.0006038623159502992
ekf_centrality,1,202,0.008,0.008,0.0,0.0022540502266560195
ekf_centrality,1,203,0.008,0.008,0.0,0.0021722408507944407
ekf_centrality,1,204,0.009,0.009,0.0,0.002449188738399169
ekf_centrality,1,205,0.003,0.003,0.0,0.0006166906189500747
ekf_centrality,1,206,0.002,0.002,0.0,0.0001002753819477783
ekf_centrality,1,207,0.001,0.001,0.0,0.0002996717077210088
ekf_centrality,1,208,0.006,0.006,0.0,0.0014633863311704913
ekf_centrality,1,209,0.002,0.002,0.0,0.00030534601926433407
ekf_centrality,1,210,0.002,0.002,0.0,0.0005975509223149043
ekf_centrality,1,211,0.015,0.015,0.0,0.003963377247546447
ekf_centrality,1,212,0.015,0.015,0.0,0.004121679157428811
ekf_centrality,1,213,0.006,0.006,0.0,0.0016422375510632338
ekf_centrality,1,214,1.0,1.0,0.0,0.2999994577991446
ekf_centrality,1,215,0.004,0.004,0.0,0.0008540812218238672
ekf_centrality,1,216,0.003,0.003,0.0,0.0008178797198853957
ekf_centrality,1,217,0.007,0.007,0.0,0.0017766309694661098
ekf_centrality,1,218,0.004,0.004,0.0,0.0003148541844566613
ekf_centrality,1,219,0.017,0.017,0.0,0.004944701662688208
ekf_centrality,1,220,0.004,0.004,0.0,0.0010679557018233232
ekf_centrality,1,221,0.002,0.002,0.0,0.0005991091683403416
ekf_centrality,1,222,0.012,0.012,0.0,0.0018937926641185985
ekf_centrality,1,223,0.005,0.005,0.0,0.0007250118646504101
ekf_centrality,1,224,0.007,0.007,0.0,0.001938332203245764
ekf_centrality,1,225,0.003,0.003,0.0,0.0008991469349002312
ekf_centrality,1,226,0.008,0.008,0.0,0.0019907631924367263
ekf_centrality,1,227,0.005,0.005,0.0,0.0013574471544267857
ekf_centrality,1,228,0.014,0.014,0.0,0.0032398773344711617
ekf_centrality,1,229,0.005,0.005,0.0,0.001169712737631229
ekf_centrality,1,230,0.004,0.004,0.0,0.0010544731569240389
ekf_centrality,1,231,0.02,0.02,0.0,0.005479289342922384
ekf_centrality,1,232,0.004,0.004,0.0,0.000998414838702699
ekf_centrality,1,233,0.008,0.008,0.0,0.001858131006559512
ekf_centrality,1,234,0.004,0.004,0.0,0.000982612272854343
ekf_centrality,1,235,0.002,0.002,0.0,0.0005987841168951267
ekf_centrality,1,236,0.002,0.002,0.0,0.0005986811142132487
ekf_centrality,1,237,0.006,0.006,0.0,0.0013942862060244564
ekf_centrality,1,238,0.009,0.009,0.0,0.001501200729696933
ekf_centrality,1,239,0.005,0.005,0.0,0.0013566647039299296
ekf_centrality,1,240,0.005,0.005,0.0,0.001292431900182447
ekf_centrality,1,241,0.004,0.004,0.0,0.0010514268456680309
ekf_centrality,1,242,0.004,0.004,0.0,0.0007067679373179347
ekf_centrality,1,243,0.007,0.007,0.0,0.0009942757808401395
ekf_centrality,1,244,0.002,0.002,0.0,0.0005989695928612939
ekf_centrality,1,245,0.007,0.007,0.0,0.0009243823352228513
ekf_centrality,1,246,0.008,0.008,0.0,0.0009055368328594021
ekf_centrality,1,247,1.0,1.0,0.0,0.2999999658285359
ekf_centrality,1,248,0.003,0.003,0.0,0.0006703844512425254
ekf_centrality,1,249,0.009,0.009,0.0,0.002484345751707699
ekf_centrality,1,250,0.009,0.009,0.0,0.0010035246431827547
ekf_centrality,1,251,0.009,0.009,0.0,0.0010035246431827544
ekf_centrality,2,0,0.109,0.109,0.0,0.009941699056780415
ekf_centrality,2,1,0.19,0.19,0.0,0.020909117638026095
ekf_centrality,2,2,0.211,0.211,0.0,0.026960346929640753
ekf_centrality,2,3,0.203,0.203,0.0,0.025217457060885382
ekf_centrality,2,4,0.208,0.208,0.0,0.02519982534575999
ekf_centrality,2,5,0.136,0.136,0.0,0.01286700855820627
ekf_centrality,2,6,0.169,0.169,0.0,0.019414117932901577
ekf_centrality,2,7,0.021,0.021,0.0,0.005830469021197158
ekf_centrality,2,8,0.12,0.12,0.0,0.010590176452491417
ekf_centrality,2,9,0.139,0.139,0.0,0.012850895655522623
ekf_centrality,2,10,1.0,1.0,0.0,0.30000000000000565
ekf_centrality,2,11,0.022,0.022,0.0,0.005448809227499353
ekf_centrality,2,12,0.143,0.143,0.0,0.015040224452704634
ekf_centrality,2,13,0.021,0.021,0.0,0.005126439871223718
ekf_centrality,2,14,0.022,0.022,0.0,0.005534561355467629
ekf_centrality,2,15,0.057,0.057,0.0,0.004868147262591713
ekf_centrality,2,16,0.028,0.028,0.0,0.007695423445978655
ekf_centrality,2,17,0.208,0.208,0.0,0.026414103967147568
ekf_centrality,2,18,0.031,0.031,0.0,0.006053976629506706
ekf_centrality,2,19,1.0,1.0,0.0,0.29999948321872666
ekf_centrality,2,20,0.167,0.167,0.0,0.016335328301076552
ekf_centrality,2,21,0.034,0.034,0.0,0.008423987484488448
ekf_centrality,2,22,0.085,0.085,0.0,0.0070772352271154205
ekf_centrality,2,23,0.033,0.033,0.0,0.005782524250643711
ekf_centrality,2,24,0.021,0.021,0.0,0.004099970975524222
ekf_centrality,2,25,0.078,0.078,0.0,0.006632767430971574
ekf_centrality,2,26,0.015,0.015,0.0,0.004211434324414927
ekf_centrality,2,27,0.21,0.21,0.0,0.02701150093718958
ekf_centrality,2,28,0.176,0.176,0.0,0.02035035550327544
ekf_centrality,2,29,0.049,0.049,0.0,0.006844541271720962
ekf_centrality,2,30,0.018,0.018,0.0,0.0030720073055738313
ekf_centrality,2,31,0.18,0.18,0.0,0.018760686724647074
ekf_centrality,2,32,0.016,0.016,0.0,0.003094807380774609
ekf_centrality,2,33,0.014,0.014,0.0,0.0032551563917044917
ekf_centrality,2,34,0.017,0.017,0.0,0.004560365487174087
ekf_centrality,2,35,0.086,0.086,0.0,0.007503989459396626
ekf_centrality,2,36,0.05,0.05,0.0,0.0037747631520669857
ekf_centrality,2,37,0.084,0.084,0.0,0.006308324401909135
ekf_centrality,2,38,0.083,0.083,0.0,0.005408762901021443
ekf_centrality,2,39,0.201,0.201,0.0,0.023974925789346655
ekf_centrality,2,40,0.044,0.044,0.0,0.003829262337926911
ekf_centrality,2,41,0.015,0.015,0.0,0.0038625537760571876
ekf_centrality,2,42,0.042,0.042,0.0,0.0035629296773287337
ekf_centrality,2,43,1.0,1.0,0.0,0.30000000000000565
ekf_centrality,2,44,0.014,0.014,0.0,0.003445867550398832
ekf_centrality,2,45,0.017,0.017,0.0,0.002879243369858524
ekf_centrality,2,46,0.123,0.123,0.0,0.010722250195359915
ekf_centrality,2,47,0.014,0.014,0.0,0.003341802439205891
ekf_centrality,2,48,0.198,0.198,0.0,0.02325984406920893
ekf_centrality,2,49,1.0,1.0,0.0,0.30000000000000565
ekf_centrality,2,50,0.196,0.196,0.0,0.02286182347566993
ekf_centrality,2,51,0.019,0.019,0.0,0.00434867663912672
ekf_centrality,2,52,0.023,0.023,0.0,0.002714130882827448
ekf_centrality,2,53,0.209,0.209,0.0,0.026095693997551076
ekf_centrality,2,54,0.196,0.196,0.0,0.022530308151635474
ekf_centrality,2,55,0.02,0.02,0.0,0.0012300011413463924
ekf_centrality,2,56,0.189,0.189,0.0,0.024783093753576145
ekf_centrality,2,57,0.019,0.019,0.0,0.004169492185062744
ekf_centrality,2,58,0.016,0.016,0.0,0.002782619531340001
ekf_centrality,2,59,0.202,0.202,0.0,0.024177603008092664
ekf_centrality,2,60,0.027,0.027,0.0,0.002418017452295672
ekf_centrality,2,61,0.045,0.045,0.0,0.004374082107014602
ekf_centrality,2,62,0.105,0.105,0.0,0.009371816449249365
ekf_centrality,2,63,0.187,0.187,0.0,0.020394035923215998
ekf_centrality,2,64,0.101,0.101,0.0,0.009012631543127944
ekf_centrality,2,65,0.029,0.029,0.0,0.0026154807167565416
ekf_centrality,2,66,0.03,0.03,0.0,0.0026386234193103942
ekf_centrality,2,67,0.015,0.015,0.0,0.0027673730714830387
ekf_centrality,2,68,0.128,0.128,0.0,0.011557869997139767
ekf_centrality,2,69,0.208,0.208,0.0,0.0270354868623755
ekf_centrality,2,70,0.082,0.082,0.0,0.0059298211492834416
ekf_centrality,2,71,0.016,0.016,0.0,0.003778619951337145
ekf_centrality,2,72,0.067,0.067,0.0,0.0046268539898106625
ekf_centrality,2,73,0.052,0.052,0.0,0.0037926316617315535
ekf_centrality,2,74,0.098,0.098,0.0,0.008790085721368968
ekf_centrality,2,75,0.03,0.03,0.0,0.0034262765623112373
ekf_centrality,2,76,0.029,0.029,0.0,0.0034088063443075602
ekf_centrality,2,77,0.062,0.062,0.0,0.004054058851287094
ekf_centrality,2,78,0.063,0.063,0.0,0.004170615425434007
ekf_centrality,2,79,0.145,0.145,0.0,0.015571107998734663
ekf_centrality,2,80,0.012,0.012,0.0,0.002813722801448883
ekf_centrality,2,81,0.013,0.013,0.0,0.003316846132428849
ekf_centrality,2,82,0.026,0.026,0.0,0.001473532269611167
ekf_centrality,2,83,0.013,0.013,0.0,0.003038262461677347
ekf_centrality,2,84,0.137,0.137,0.0,0.011335443697429006
ekf_centrality,2,85,0.079,0.079,0.0,0.008044937594634679
ekf_centrality,2,86,0.02,0.02,0.0,0.004084568142863099
ekf_centrality,2,87,0.179,0.179,0.0,0.02198363531985905
ekf_centrality,2,88,0.016,0.016,0.0,0.0010928078318820295
ekf_centrality,2,89,0.154,0.154,0.0,0.013263819063464716
ekf_centrality,2,90,0.032,0.032,0.0,0.003622700680971894
ekf_centrality,2,91,0.026,0.026,0.0,0.0051324266169058145
ekf_centrality,2,92,0.012,0.012,0.0,0.002488551877334509
ekf_centrality,2,93,0.012,0.012,0.0,0.0024880638948647773
ekf_centrality,2,94,0.033,0.033,0.0,0.0019798497338629974
ekf_centrality,2,95,0.014,0.014,0.0,0.0022118215967534723
ekf_centrality,2,96,0.013,0.013,0.0,0.0029318794713894016
ekf_centrality,2,97,0.193,0.193,0.0,0.024778990083850806
ekf_centrality,2,98,0.153,0.153,0.0,0.017037222431165684
ekf_centrality,2,99,0.037,0.037,0.0,0.001875181726940589
ekf_centrality,2,100,0.013,0.013,0.0,0.0012505310845668375
ekf_centrality,2,101,0.032,0.032,0.0,0.00210202533817393
ekf_centrality,2,102,0.19,0.19,0.0,0.02190542145586792
ekf_centrality,2,103,0.041,0.041,0.0,0.004777556715558909
ekf_centrality,2,104,0.033,0.033,0.0,0.0025688326703039665
ekf_centrality,2,105,0.083,0.083,0.0,0.007830997931597777
ekf_centrality,2,106,0.01,0.01,0.0,0.0024084406557001543
ekf_centrality,2,107,0.028,0.028,0.0,0.006093434997595002
ekf_centrality,2,108,0.01,0.01,0.0,0.002273567552948524
ekf_centrality,2,109,0.032,0.032,0.0,0.004854445883834918
ekf_centrality,2,110,0.026,0.026,0.0,0.004976034756634246
ekf_centrality,2,111,0.207,0.207,0.0,0.02675742249235434
ekf_centrality,2,112,0.005,0.005,0.0,0.0013967699004614191
ekf_centrality,2,113,0.042,0.042,0.0,0.0032980944199437192
ekf_centrality,2,114,0.012,0.012,0.0,0.0022326420414005457
ekf_centrality,2,115,0.013,0.013,0.0,0.0030492888139435734
ekf_centrality,2,116,0.012,0.012,0.0,0.0022226489460959
ekf_centrality,2,117,0.031,0.031,0.0,0.003995891214550414
ekf_centrality,2,118,0.209,0.209,0.0,0.027202638029387056
ekf_centrality,2,119,0.098,0.098,0.0,0.008355494538284537
ekf_centrality,2,120,0.021,0.021,0.0,0.005413754057093181
ekf_centrality,2,121,0.061,0.061,0.0,0.0048733596967977235
ekf_centrality,2,122,0.012,0.012,0.0,0.003374002480933097
ekf_centrality,2,123,0.005,0.005,0.0,0.0012502137692923842
ekf_centrality,2,124,0.028,0.028,0.0,0.002164374726888131
ekf_centrality,2,125,0.012,0.012,0.0,0.0032085167795795487
ekf_centrality,2,126,0.035,0.035,0.0,0.0024915496901112433
ekf_centrality,2,127,0.01,0.01,0.0,0.002813807827490906
ekf_centrality,2,128,0.209,0.209,0.0,0.02721192158811156
ekf_centrality,2,129,0.01,0.01,0.0,0.002001783747991962
ekf_centrality,2,130,0.196,0.196,0.0,0.022643535930337726
ekf_centrality,2,131,0.042,0.042,0.0,0.005616033110600113
ekf_centrality,2,132,0.11,0.11,0.0,0.010411973001298673
ekf_centrality,2,133,0.007,0.007,0.0,0.0019584277479794527
ekf_centrality,2,134,0.16,0.16,0.0,0.01716419820566742
ekf_centrality,2,135,0.187,0.187,0.0,0.021091733237244566
ekf_centrality,2,136,0.161,0.161,0.0,0.016256283429054552
ekf_centrality,2,137,0.008,0.008,0.0,0.0019601988186545975
ekf_centrality,2,138,0.004,0.004,0.0,0.0006317604830409509
ekf_centrality,2,139,0.005,0.005,0.0,0.0006203556707469244
ekf_centrality,2,140,0.007,0.007,0.0,0.00123125472204912
ekf_centrality,2,141,0.163,0.163,0.0,0.015998432822446534
ekf_centrality,2,142,0.169,0.169,0.0,0.01624264728310029
ekf_centrality,2,143,0.033,0.033,0.0,0.0031044933144367347
ekf_centrality,2,144,0.083,0.083,0.0,0.00425057601948188
ekf_centrality,2,145,0.121,0.121,0.0,0.012387201107561478
ekf_centrality,2,146,0.143,0.143,0.0,0.014039796333227621
ekf_centrality,2,147,0.312,0.312,0.0,0.07262922472324157
ekf_centrality,2,148,0.176,0.176,0.0,0.01841508936379034
ekf_centrality,2,149,0.005,0.005,0.0,0.0006722077698590294
ekf_centrality,2,150,0.017,0.017,0.0,0.0018955114025514842
ekf_centrality,2,151,0.21,0.21,0.0,0.027218546962589324
ekf_centrality,2,152,0.033,0.033,0.0,0.0027328108715621406
ekf_centrality,2,153,0.013,0.013,0.0,0.0017727224405064356
ekf_centrality,2,154,0.171,0.171,0.0,0.019595414232767616
ekf_centrality,2,155,0.155,0.155,0.0,0.015981700686027858
ekf_centrality,2,156,0.004,0.004,0.0,0.0010758851208908886
ekf_centrality,2,157,0.039,0.039,0.0,0.0019610135132358524
ekf_centrality,2,158,0.21,0.21,0.0,0.027218440926329572
ekf_centrality,2,159,0.004,0.004,0.0,0.0006509329904792985
ekf_centrality,2,160,0.187,0.187,0.0,0.022961633299062322
ekf_centrality,2,161,0.21,0.21,0.0,0.027218415520822256
ekf_centrality,2,162,0.21,0.21,0.0,0.02721825394623977
ekf_centrality,2,163,0.109,0.109,0.0,0.010689817615081983
ekf_centrality,2,164,0.032,0.032,0.0,0.0017004457666302338
ekf_centrality,2,165,0.034,0.034,0.0,0.0016430693626811963
ekf_centrality,2,166,0.055,0.055,0.0,0.004108935173641554
ekf_centrality,2,167,0.21,0.21,0.0,0.027197633626597082
ekf_centrality,2,168,0.034,0.034,0.0,0.0016436655801873095
ekf_centrality,2,169,0.209,0.209,0.0,0.02702889891060819
ekf_centrality,2,170,0.209,0.209,0.0,0.027172362141469703
ekf_centrality,2,171,0.026,0.026,0.0,0.0024471107264505665
ekf_centrality,2,172,0.209,0.209,0.0,0.027167014987687456
ekf_centrality,2,173,0.209,0.209,0.0,0.027091018458687346
ekf_centrality,2,174,0.209,0.209,0.0,0.027164958340514894
ekf_centrality,2,175,0.128,0.128,0.0,0.010488358061792243
ekf_centrality,2,176,0.113,0.113,0.0,0.009004351021094247
ekf_centrality,2,177,0.06,0.06,0.0,0.0051100924398358675
ekf_centrality,2,178,0.203,0.203,0.0,0.024483578455135706
ekf_centrality,2,179,0.167,0.167,0.0,0.015626559495845738
ekf_centrality,2,180,0.168,0.168,0.0,0.01621969354790555
ekf_centrality,2,181,0.157,0.157,0.0,0.015338195745009508
ekf_centrality,2,182,0.012,0.012,0.0,0.0006445055143895649
ekf_centrality,2,183,0.011,0.011,0.0,0.0006668405974244193
ekf_centrality,2,184,0.011,0.011,0.0,0.0006578595683539196
ekf_centrality,2,185,0.123,0.123,0.0,0.009039714881673998
ekf_centrality,2,186,0.209,0.209,0.0,0.027096628185609557
ekf_centrality,2,187,0.043,0.043,0.0,0.0023388669790039484
ekf_centrality,2,188,0.201,0.201,0.0,0.024536675403505594
ekf_centrality,2,189,0.019,0.019,0.0,0.0015967497900328275
ekf_centrality,2,190,0.11,0.11,0.0,0.008609704955410295
ekf_centrality,2,191,0.116,0.116,0.0,0.007739082968131382
ekf_centrality,2,192,0.024,0.024,0.0,0.0011585214759117514
ekf_centrality,2,193,0.112,0.112,0.0,0.009372935016240591
ekf_centrality,2,194,0.088,0.088,0.0,0.006716507434536428
ekf_centrality,2,195,0.037,0.037,0.0,0.0036253513592028456
ekf_centrality,2,196,0.114,0.114,0.0,0.009873824620229368
ekf_centrality,2,197,0.152,0.152,0.0,0.01290842222996041
ekf_centrality,2,198,0.116,0.116,0.0,0.009805314269665417
ekf_centrality,2,199,0.11,0.11,0.0,0.009272635262720234
ekf_centrality,2,200,0.048,0.048,0.0,0.004483435701776481
ekf_centrality,2,201,0.156,0.156,0.0,0.013341456384942278
ekf_centrality,2,202,0.082,0.082,0.0,0.007345969480298361
ekf_centrality,2,203,0.036,0.036,0.0,0.0035504019618451334
ekf_centrality,2,204,0.037,0.037,0.0,0.0038425766496613793
ekf_centrality,2,205,0.065,0.065,0.0,0.004216041831944215
ekf_centrality,2,206,0.13,0.13,0.0,0.01140511665338332
ekf_centrality,2,207,0.041,0.041,0.0,0.002506205665341307
ekf_centrality,2,208,0.027,0.027,0.0,0.002221471452393849
ekf_centrality,2,209,0.109,0.109,0.0,0.009680518567855657
ekf_centrality,2,210,0.08,0.08,0.0,0.006203963998783267
ekf_centrality,2,211,0.042,0.042,0.0,0.005425775328880478
ekf_centrality,2,212,0.043,0.043,0.0,0.0054497337736527825
ekf_centrality,2,213,0.076,0.076,0.0,0.0067057778951894395
ekf_centrality,2,214,1.0,1.0,0.0,0.29999945903643527
ekf_centrality,2,215,0.143,0.143,0.0,0.013933592291775205
ekf_centrality,2,216,0.045,0.045,0.0,0.0029492684788333065
ekf_centrality,2,217,0.071,0.071,0.0,0.005982182546530571
ekf_centrality,2,218,0.156,0.156,0.0,0.013976626766231378
ekf_centrality,2,219,0.044,0.044,0.0,0.006261648557498548
ekf_centrality,2,220,0.037,0.037,0.0,0.0027806812918998803
ekf_centrality,2,221,0.095,0.095,0.0,0.0066391589030799485
ekf_centrality,2,222,0.211,0.211,0.0,0.027886551590275636
ekf_centrality,2,223,0.104,0.104,0.0,0.007398628819097763
ekf_centrality,2,224,0.048,0.048,0.0,0.004562600785091291
ekf_centrality,2,225,0.093,0.093,0.0,0.006907035661367588
ekf_centrality,2,226,0.1,0.1,0.0,0.007919782689983173
ekf_centrality,2,227,0.08,0.08,0.0,0.00657578911156362
ekf_centrality,2,228,0.057,0.057,0.0,0.005296958984001102
ekf_centrality,2,229,0.033,0.033,0.0,0.002615002620737678
ekf_centrality,2,230,0.045,0.045,0.0,0.003301363882291295
ekf_centrality,2,231,0.11,0.11,0.0,0.011750789157034605
ekf_centrality,2,232,0.041,0.041,0.0,0.003118295542723705
ekf_centrality,2,233,0.104,0.104,0.0,0.008113630169111713
ekf_centrality,2,234,0.042,0.042,0.0,0.002959516637527941
ekf_centrality,2,235,0.054,0.054,0.0,0.0037324068372671616
ekf_centrality,2,236,0.062,0.062,0.0,0.004444922322224631
ekf_centrality,2,237,0.104,0.104,0.0,0.00795107337001086
ekf_centrality,2,238,0.122,0.122,0.0,0.008949761939995606
ekf_centrality,2,239,0.078,0.078,0.0,0.006556273424509564
ekf_centrality,2,240,0.095,0.095,0.0,0.007336903860191864
ekf_centrality,2,241,0.076,0.076,0.0,0.0061575400762028006
ekf_centrality,2,242,0.084,0.084,0.0,0.0062665002499896144
ekf_centrality,2,243,0.124,0.124,0.0,0.009221756966637695
ekf_centrality,2,244,0.074,0.074,0.0,0.005757554411730594
ekf_centrality,2,245,0.133,0.133,0.0,0.009604745555544534
ekf_centrality,2,246,0.134,0.134,0.0,0.009999215249990114
ekf_centrality,2,247,1.0,1.0,0.0,0.29999976907611225
ekf_centrality,2,248,0.097,0.097,0.0,0.00721412263584247
ekf_centrality,2,249,0.016,0.016,0.0,0.002782619531340001
ekf_centrality,2,250,0.21,0.21,0.0,0.027218558509717803
ekf_centrality,2,251,0.21,0.21,0.0,0.027218558509717803
ekf_centrality,3,0,0.276,0.276,0.0,0.036221041301908515
ekf_centrality,3,1,0.289,0.289,0.0,0.04150727629530675
ekf_centrality,3,2,0.292,0.292,0.0,0.04389651443667208
ekf_centrality,3,3,0.293,0.293,0.0,0.04311867824118062
ekf_centrality,3,4,0.292,0.292,0.0,0.04300691948963452
ekf_centrality,3,5,0.282,0.282,0.0,0.03806741741020014
ekf_centrality,3,6,0.294,0.294,0.0,0.04094779045171918
ekf_centrality,3,7,0.195,0.195,0.0,0.020299982958930624
ekf_centrality,3,8,0.276,0.276,0.0,0.037213806071193824
ekf_centrality,3,9,0.279,0.279,0.0,0.03820454678414743
ekf_centrality,3,10,1.0,1.0,0.0,0.30000000000000565
ekf_centrality,3,11,0.201,0.201,0.0,0.01955441253864484
ekf_centrality,3,12,0.283,0.283,0.0,0.038564391282926665
ekf_centrality,3,13,0.197,0.197,0.0,0.019159917472813568
ekf_centrality,3,14,0.148,0.148,0.0,0.013878021871317278
ekf_centrality,3,15,0.255,0.255,0.0,0.028805695448663356
ekf_centrality,3,16,0.203,0.203,0.0,0.021980815586093244
ekf_centrality,3,17,0.291,0.291,0.0,0.043294537644074184
ekf_centrality,3,18,0.236,0.236,0.0,0.026180874916238106
ekf_centrality,3,19,1.0,1.0,0.0,0.2999994633795013
ekf_centrality,3,20,0.288,0.288,0.0,0.04010608721778752
ekf_centrality,3,21,0.24,0.24,0.0,0.02785531002795734
ekf_centrality,3,22,0.263,0.263,0.0,0.030814591611876357
ekf_centrality,3,23,0.234,0.234,0.0,0.025793707333321248
ekf_centrality,3,24,0.227,0.227,0.0,0.023663421156817334
ekf_centrality,3,25,0.264,0.264,0.0,0.03049251001018932
ekf_centrality,3,26,0.143,0.143,0.0,0.013149027244028997
ekf_centrality,3,27,0.291,0.291,0.0,0.04355316640696382
ekf_centrality,3,28,0.289,0.289,0.0,0.04188231719012367
ekf_centrality,3,29,0.253,0.253,0.0,0.029709072624097332
ekf_centrality,3,30,0.226,0.226,0.0,0.02266984406873108
ekf_centrality,3,31,0.288,0.288,0.0,0.04082078406620951
ekf_centrality,3,32,0.227,0.227,0.0,0.022794147681966918
ekf_centrality,3,33,0.194,0.194,0.0,0.018297913843218765
ekf_centrality,3,34,0.131,0.131,0.0,0.012942666287196094
ekf_centrality,3,35,0.273,0.273,0.0,0.034754277946558866
ekf_centrality,3,36,0.261,0.261,0.0,0.029508673324110706
ekf_centrality,3,37,0.275,0.275,0.0,0.03334844857876657
ekf_centrality,3,38,0.262,0.262,0.0,0.030938073899289455
ekf_centrality,3,39,0.288,0.288,0.0,0.042528370562322004
ekf_centrality,3,40,0.258,0.258,0.0,0.027875573764185313
ekf_centrality,3,41,0.13,0.13,0.0,0.011740321719337626
ekf_centrality,3,42,0.255,0.255,0.0,0.028447317067972846
ekf_centrality,3,43,1.0,1.0,0.0,0.30000000000000565
ekf_centrality,3,44,0.159,0.159,0.0,0.014667155341112719
ekf_centrality,3,45,0.224,0.224,0.0,0.022780117060390518
ekf_centrality,3,46,0.279,0.279,0.0,0.03695266439203091
ekf_centrality,3,47,0.161,0.161,0.0,0.01461313311429255
ekf_centrality,3,48,0.289,0.289,0.0,0.04229825543920907
ekf_centrality,3,49,1.0,1.0,0.0,0.30000000000000565
ekf_centrality,3,50,0.289,0.289,0.0,0.042166047645160784
ekf_centrality,3,51,0.227,0.227,0.0,0.023798175693688264
ekf_centrality,3,52,0.247,0.247,0.0,0.02599675174583774
ekf_centrality,3,53,0.29,0.29,0.0,0.04327960929953898
ekf_centrality,3,54,0.289,0.289,0.0,0.04205519240532984
ekf_centrality,3,55,0.228,0.228,0.0,0.024014288882324958
ekf_centrality,3,56,0.292,0.292,0.0,0.04394212463997767
ekf_centrality,3,57,0.222,0.222,0.0,0.023648454094885724
ekf_centrality,3,58,0.222,0.222,0.0,0.022561178726729053
ekf_centrality,3,59,0.288,0.288,0.0,0.042591992620342294
ekf_centrality,3,60,0.245,0.245,0.0,0.02611198536382104
ekf_centrality,3,61,0.254,0.254,0.0,0.028615854200934616
ekf_centrality,3,62,0.277,0.277,0.0,0.03630385713035498
ekf_centrality,3,63,0.288,0.288,0.0,0.041688628293394585
ekf_centrality,3,64,0.274,0.274,0.0,0.03536836676697558
ekf_centrality,3,65,0.244,0.244,0.0,0.026374690636408564
ekf_centrality,3,66,0.246,0.246,0.0,0.026365986327727874
ekf_centrality,3,67,0.228,0.228,0.0,0.022602723584116986
ekf_centrality,3,68,0.276,0.276,0.0,0.03469402641733306
ekf_centrality,3,69,0.289,0.289,0.0,0.043433861049852425
ekf_centrality,3,70,0.265,0.265,0.0,0.030685530014000702
ekf_centrality,3,71,0.222,0.222,0.0,0.023216117296129272
ekf_centrality,3,72,0.262,0.262,0.0,0.030081034298182728
ekf_centrality,3,73,0.244,0.244,0.0,0.026510013028871342
ekf_centrality,3,74,0.276,0.276,0.0,0.03598794832922737
ekf_centrality,3,75,0.238,0.238,0.0,0.02621082070974974
ekf_centrality,3,76,0.238,0.238,0.0,0.026016983625604163
ekf_centrality,3,77,0.267,0.267,0.0,0.03142994375960879
ekf_centrality,3,78,0.258,0.258,0.0,0.027806832165743624
ekf_centrality,3,79,0.281,0.281,0.0,0.038927440791182606
ekf_centrality,3,80,0.167,0.167,0.0,0.014442690547953291
ekf_centrality,3,81,0.2,0.2,0.0,0.020086676244174633
ekf_centrality,3,82,0.237,0.237,0.0,0.023411326953264113
ekf_centrality,3,83,0.174,0.174,0.0,0.01588575805209578
ekf_centrality,3,84,0.277,0.277,0.0,0.03782968565368217
ekf_centrality,3,85,0.272,0.272,0.0,0.03451029579838831
ekf_centrality,3,86,0.225,0.225,0.0,0.023513222391419383
ekf_centrality,3,87,0.292,0.292,0.0,0.04229506807331082
ekf_centrality,3,88,0.237,0.237,0.0,0.022512437982925567
ekf_centrality,3,89,0.282,0.282,0.0,0.03880366932905904
ekf_centrality,3,90,0.241,0.241,0.0,0.026701549483488393
ekf_centrality,3,91,0.232,0.232,0.0,0.02471858158917235
ekf_centrality,3,92,0.183,0.183,0.0,0.016376078131721494
ekf_centrality,3,93,0.183,0.183,0.0,0.016374818171210254
ekf_centrality,3,94,0.23,0.23,0.0,0.023436025336796777
ekf_centrality,3,95,0.206,0.206,0.0,0.019215133266657216
ekf_centrality,3,96,0.18,0.18,0.0,0.01587492315589278
ekf_centrality,3,97,0.286,0.286,0.0,0.042132185266899304
ekf_centrality,3,98,0.286,0.286,0.0,0.040593709130125874
ekf_centrality,3,99,0.244,0.244,0.0,0.024815091298542057
ekf_centrality,3,100,0.23,0.23,0.0,0.02188323751633917
ekf_centrality,3,101,0.239,0.239,0.0,0.02422754602111664
ekf_centrality,3,102,0.289,0.289,0.0,0.04186639880534838
ekf_centrality,3,103,0.234,0.234,0.0,0.025791617853362654
ekf_centrality,3,104,0.237,0.237,0.0,0.023967921236610408
ekf_centrality,3,105,0.274,0.274,0.0,0.03426499715908456
ekf_centrality,3,106,0.146,0.146,0.0,0.012978985328147861
ekf_centrality,3,107,0.229,0.229,0.0,0.025295391260132312
ekf_centrality,3,108,0.146,0.146,0.0,0.012325261425641418
ekf_centrality,3,109,0.241,0.241,0.0,0.026170213288943072
ekf_centrality,3,110,0.188,0.188,0.0,0.02101734122432509
ekf_centrality,3,111,0.29,0.29,0.0,0.043394532457148735
ekf_centrality,3,112,0.153,0.153,0.0,0.011354837939995201
ekf_centrality,3,113,0.241,0.241,0.0,0.025443381254418806
ekf_centrality,3,114,0.182,0.182,0.0,0.016495433377585786
ekf_centrality,3,115,0.131,0.131,0.0,0.012034709111662068
ekf_centrality,3,116,0.183,0.183,0.0,0.01657394619873271
ekf_centrality,3,117,0.245,0.245,0.0,0.026433959843354674
ekf_centrality,3,118,0.289,0.289,0.0,0.043328529982336224
ekf_centrality,3,119,0.277,0.277,0.0,0.03512393397527173
ekf_centrality,3,120,0.146,0.146,0.0,0.015736646256846946
ekf_centrality,3,121,0.266,0.266,0.0,0.03188506913478857
ekf_centrality,3,122,0.175,0.175,0.0,0.014011958564227973
ekf_centrality,3,123,0.156,0.156,0.0,0.011583507294263967
ekf_centrality,3,124,0.245,0.245,0.0,0.0250729910679165
ekf_centrality,3,125,0.171,0.171,0.0,0.014698393030273147
ekf_centrality,3,126,0.241,0.241,0.0,0.025690560750771932
ekf_centrality,3,127,0.168,0.168,0.0,0.013433686038653128
ekf_centrality,3,128,0.289,0.289,0.0,0.04333672345133423
ekf_centrality,3,129,0.207,0.207,0.0,0.018509710389977233
ekf_centrality,3,130,0.289,0.289,0.0,0.042299100611101134
ekf_centrality,3,131,0.244,0.244,0.0,0.02697048211856967
ekf_centrality,3,132,0.274,0.274,0.0,0.03651971856246601
ekf_centrality,3,133,0.167,0.167,0.0,0.012708668296383922
ekf_centrality,3,134,0.29,0.29,0.0,0.041807885771435564
ekf_centrality,3,135,0.289,0.289,0.0,0.041936268122133614
ekf_centrality,3,136,0.288,0.288,0.0,0.040831478657910224
ekf_centrality,3,137,0.182,0.182,0.0,0.014750079889631899
ekf_centrality,3,138,0.18,0.18,0.0,0.013444342502228058
ekf_centrality,3,139,0.176,0.176,0.0,0.013493567147748887
ekf_centrality,3,140,0.173,0.173,0.0,0.013672818371002173
ekf_centrality,3,141,0.289,0.289,0.0,0.040613407444159096
ekf_centrality,3,142,0.287,0.287,0.0,0.039576792982315506
ekf_centrality,3,143,0.246,0.246,0.0,0.02568919355258285
ekf_centrality,3,144,0.253,0.253,0.0,0.02726541448757635
ekf_centrality,3,145,0.281,0.281,0.0,0.03808503676645534
ekf_centrality,3,146,0.28,0.28,0.0,0.03898550413793521
ekf_centrality,3,147,0.439,0.439,0.0,0.09228601897668111
ekf_centrality,3,148,0.287,0.287,0.0,0.04051872453072662
ekf_centrality,3,149,0.167,0.167,0.0,0.013077039528221356
ekf_centrality,3,150,0.222,0.222,0.0,0.021374193842406342
ekf_centrality,3,151,0.289,0.289,0.0,0.04333931100038415
ekf_centrality,3,152,0.242,0.242,0.0,0.024693946170176246
ekf_centrality,3,153,0.226,0.226,0.0,0.020863613306495898
ekf_centrality,3,154,0.285,0.285,0.0,0.04092381461340314
ekf_centrality,3,155,0.289,0.289,0.0,0.03973168479563381
ekf_centrality,3,156,0.174,0.174,0.0,0.01312746935638833
ekf_centrality,3,157,0.242,0.242,0.0,0.025621394828418406
ekf_centrality,3,158,0.289,0.289,0.0,0.043339282642748625
ekf_centrality,3,159,0.17,0.17,0.0,0.013210595354035017
ekf_centrality,3,160,0.294,0.294,0.0,0.04289465470723448
ekf_centrality,3,161,0.289,0.289,0.0,0.04333927562369249
ekf_centrality,3,162,0.289,0.289,0.0,0.04333922929436647
ekf_centrality,3,163,0.277,0.277,0.0,0.03665500366058952
ekf_centrality,3,164,0.238,0.238,0.0,0.02505126212156539
ekf_centrality,3,165,0.233,0.233,0.0,0.024738634727038338
ekf_centrality,3,166,0.247,0.247,0.0,0.026359746447403673
ekf_centrality,3,167,0.289,0.289,0.0,0.04332498684789969
ekf_centrality,3,168,0.234,0.234,0.0,0.02466750564966121
ekf_centrality,3,169,0.289,0.289,0.0,0.04327943518267965
ekf_centrality,3,170,0.289,0.289,0.0,0.04332461224583052
ekf_centrality,3,171,0.219,0.219,0.0,0.02139435820539904
ekf_centrality,3,172,0.289,0.289,0.0,0.043322090527592595
ekf_centrality,3,173,0.289,0.289,0.0,0.043301246181401014
ekf_centrality,3,174,0.289,0.289,0.0,0.0433237980926251
ekf_centrality,3,175,0.276,0.276,0.0,0.03714218193963947
ekf_centrality,3,176,0.279,0.279,0.0,0.03617155116584406
ekf_centrality,3,177,0.248,0.248,0.0,0.027080734917410695
ekf_centrality,3,178,0.29,0.29,0.0,0.042767470269246675
ekf_centrality,3,179,0.286,0.286,0.0,0.039827583636834765
ekf_centrality,3,180,0.286,0.286,0.0,0.04002654333660685
ekf_centrality,3,181,0.286,0.286,0.0,0.03963974367980037
ekf_centrality,3,182,0.206,0.206,0.0,0.018893301048185263
ekf_centrality,3,183,0.211,0.211,0.0,0.01949448384912551
ekf_centrality,3,184,0.211,0.211,0.0,0.019467296690733722
ekf_centrality,3,185,0.283,0.283,0.0,0.03682703450699241
ekf_centrality,3,186,0.289,0.289,0.0,0.04330070787928355
ekf_centrality,3,187,0.237,0.237,0.0,0.023767774824889957
ekf_centrality,3,188,0.289,0.289,0.0,0.04256741393832745
ekf_centrality,3,189,0.205,0.205,0.0,0.020308472226944794
ekf_centrality,3,190,0.28,0.28,0.0,0.03595836978153992
ekf_centrality,3,191,0.281,0.281,0.0,0.03590208165589253
ekf_centrality,3,192,0.217,0.217,0.0,0.02058194834056143
ekf_centrality,3,193,0.276,0.276,0.0,0.035959378525411256
ekf_centrality,3,194,0.268,0.268,0.0,0.03445072598195035
ekf_centrality,3,195,0.246,0.246,0.0,0.027599228611270045
ekf_centrality,3,196,0.276,0.276,0.0,0.03631497518259701
ekf_centrality,3,197,0.287,0.287,0.0,0.0388800091421146
ekf_centrality,3,198,0.286,0.286,0.0,0.036161473950932575
ekf_centrality,3,199,0.277,0.277,0.0,0.036025221447601785
ekf_centrality,3,200,0.254,0.254,0.0,0.028825789660545574
ekf_centrality,3,201,0.282,0.282,0.0,0.038358103807091405
ekf_centrality,3,202,0.272,0.272,0.0,0.03397887218837821
ekf_centrality,3,203,0.249,0.249,0.0,0.027565999148745086
ekf_centrality,3,204,0.248,0.248,0.0,0.027754297484170534
ekf_centrality,3,205,0.253,0.253,0.0,0.028752639941024862
ekf_centrality,3,206,0.281,0.281,0.0,0.03740681727069427
ekf_centrality,3,207,0.26,0.26,0.0,0.027795952154907315
ekf_centrality,3,208,0.233,0.233,0.0,0.024616183132972556
ekf_centrality,3,209,0.277,0.277,0.0,0.03620533343081277
ekf_centrality,3,210,0.271,0.271,0.0,0.032548477844800416
ekf_centrality,3,211,0.249,0.249,0.0,0.027795890391131003
ekf_centrality,3,212,0.247,0.247,0.0,0.02763800251688517
ekf_centrality,3,213,0.271,0.271,0.0,0.03365815239667182
ekf_centrality,3,214,1.0,1.0,0.0,0.2999995142486178
ekf_centrality,3,215,0.288,0.288,0.0,0.03927983408454883
ekf_centrality,3,216,0.255,0.255,0.0,0.028723203027921113
ekf_centrality,3,217,0.277,0.277,0.0,0.03374841935224075
ekf_centrality,3,218,0.281,0.281,0.0,0.03899744639698667
ekf_centrality,3,219,0.25,0.25,0.0,0.029530640640254287
ekf_centrality,3,220,0.256,0.256,0.0,0.02747165501773794
ekf_centrality,3,221,0.27,0.27,0.0,0.03426261903120664
ekf_centrality,3,222,0.29,0.29,0.0,0.04378763681870068
ekf_centrality,3,223,0.276,0.276,0.0,0.03501924256928357
ekf_centrality,3,224,0.266,0.266,0.0,0.031029755802446376
ekf_centrality,3,225,0.271,0.271,0.0,0.034338272363780786
ekf_centrality,3,226,0.277,0.277,0.0,0.03488314362570001
ekf_centrality,3,227,0.27,0.27,0.0,0.03363162389335132
ekf_centrality,3,228,0.262,0.262,0.0,0.02944368838023533
ekf_centrality,3,229,0.238,0.238,0.0,0.025978193771950653
ekf_centrality,3,230,0.254,0.254,0.0,0.027927232495835203
ekf_centrality,3,231,0.282,0.282,0.0,0.03762607147911326
ekf_centrality,3,232,0.251,0.251,0.0,0.027728869041335844
ekf_centrality,3,233,0.28,0.28,0.0,0.03605105456807316
ekf_centrality,3,234,0.254,0.254,0.0,0.027767324475401194
ekf_centrality,3,235,0.263,0.263,0.0,0.03051656069866742
ekf_centrality,3,236,0.264,0.264,0.0,0.031607547443204806
ekf_centrality,3,237,0.275,0.275,0.0,0.03513738931299466
ekf_centrality,3,238,0.281,0.281,0.0,0.03643895596722205
ekf_centrality,3,239,0.272,0.272,0.0,0.03351512455998554
ekf_centrality,3,240,0.274,0.274,0.0,0.03515103988329611
ekf_centrality,3,241,0.269,0.269,0.0,0.03308511349808651
ekf_centrality,3,242,0.27,0.27,0.0,0.03315222033680526
ekf_centrality,3,243,0.28,0.28,0.0,0.03642203777185438
ekf_centrality,3,244,0.267,0.267,0.0,0.03370716102217809
ekf_centrality,3,245,0.282,0.282,0.0,0.03598037386219754
ekf_centrality,3,246,0.277,0.277,0.0,0.035753117867502106
ekf_centrality,3,247,1.0,1.0,0.0,0.29999985874065116
ekf_centrality,3,248,0.273,0.273,0.0,0.033666816809755425
ekf_centrality,3,249,0.222,0.222,0.0,0.022561178726729053
ekf_centrality,3,250,0.289,0.289,0.0,0.043339314327388904
ekf_centrality,3,251,0.289,0.289,0.0,0.043339314327388904
ekf_centrality,4,0,0.208,0.092,0.116,0.038831836223257685
ekf_centrality,4,1,0.253,0.117,0.136,0.050999021727960864
ekf_centrality,4,2,0.266,0.123,0.143,0.057268062332874715
ekf_centrality,4,3,0.263,0.12,0.143,0.05559274215422106
ekf_centrality,4,4,0.266,0.123,0.143,0.05544719067523168
ekf_centrality,4,5,0.211,0.095,0.116,0.04307021117238264
ekf_centrality,4,6,0.25,0.111,0.139,0.05234738657624598
ekf_centrality,4,7,0.052,0.022,0.03,0.00945237610058684
ekf_centrality,4,8,0.214,0.09,0.124,0.04014709150363885
ekf_centrality,4,9,0.213,0.094,0.119,0.04339916328996446
ekf_centrality,4,10,1.0,1.0,0.0,0.30000000000000565
ekf_centrality,4,11,0.049,0.021,0.028,0.007182635077170324
ekf_centrality,4,12,0.217,0.1,0.117,0.04256500448531799
ekf_centrality,4,13,0.046,0.019,0.027,0.007051561262330134
ekf_centrality,4,14,0.019,0.019,0.0,0.005425919357186918
ekf_centrality,4,15,0.156,0.061,0.095,0.02574784746215636
ekf_centrality,4,16,0.06,0.029,0.031,0.010794888783590273
ekf_centrality,4,17,0.263,0.119,0.144,0.05661599887551735
ekf_centrality,4,18,0.114,0.044,0.07,0.017433140880261124
ekf_centrality,4,19,1.0,1.0,0.0,0.29999957096622243
ekf_centrality,4,20,0.241,0.111,0.13,0.046912737978748384
ekf_centrality,4,21,0.109,0.037,0.072,0.01761794936364428
ekf_centrality,4,22,0.166,0.069,0.097,0.03104981439182514
ekf_centrality,4,23,0.115,0.045,0.07,0.017559273114690674
ekf_centrality,4,24,0.095,0.024,0.071,0.014142820923062497
ekf_centrality,4,25,0.165,0.068,0.097,0.030103801126156644
ekf_centrality,4,26,0.015,0.015,0.0,0.004150972026614823
ekf_centrality,4,27,0.265,0.122,0.143,0.0572720361676123
ekf_centrality,4,28,0.24,0.112,0.128,0.050120121768697255
ekf_centrality,4,29,0.155,0.067,0.088,0.025936569089882355
ekf_centrality,4,30,0.087,0.024,0.063,0.012527063807949785
ekf_centrality,4,31,0.232,0.104,0.128,0.04759731586101625
ekf_centrality,4,32,0.091,0.023,0.068,0.012747581769197285
ekf_centrality,4,33,0.043,0.014,0.029,0.0072853325718246565
ekf_centrality,4,34,0.02,0.017,0.003,0.004379497149334246
ekf_centrality,4,35,0.199,0.085,0.114,0.03540890961008761
ekf_centrality,4,36,0.159,0.065,0.094,0.025081651206370757
ekf_centrality,4,37,0.174,0.074,0.1,0.03232105857344064
ekf_centrality,4,38,0.167,0.066,0.101,0.02768677532325808
ekf_centrality,4,39,0.263,0.12,0.143,0.05424038045086281
ekf_centrality,4,40,0.149,0.056,0.093,0.024394166058091665
ekf_centrality,4,41,0.016,0.015,0.001,0.0036269230241379622
ekf_centrality,4,42,0.147,0.057,0.09,0.023601807158116352
ekf_centrality,4,43,1.0,1.0,0.0,0.30000000000000565
ekf_centrality,4,44,0.021,0.013,0.008,0.0038030666366337786
ekf_centrality,4,45,0.092,0.023,0.069,0.01266608673501419
ekf_centrality,4,46,0.205,0.09,0.115,0.04074399763440067
ekf_centrality,4,47,0.021,0.013,0.008,0.0035985928299262586
ekf_centrality,4,48,0.262,0.12,0.142,0.05351272399600944
ekf_centrality,4,49,1.0,1.0,0.0,0.30000000000000565
ekf_centrality,4,50,0.259,0.118,0.141,0.05310217783260169
ekf_centrality,4,51,0.09,0.03,0.06,0.013070663351683958
ekf_centrality,4,52,0.13,0.049,0.081,0.018361659395772667
ekf_centrality,4,53,0.265,0.121,0.144,0.05632329597310805
ekf_centrality,4,54,0.258,0.118,0.14,0.05277603892711569
ekf_centrality,4,55,0.111,0.03,0.081,0.015720829137781975
ekf_centrality,4,56,0.263,0.128,0.135,0.05512541836908936
ekf_centrality,4,57,0.087,0.03,0.057,0.012873330929562197
ekf_centrality,4,58,0.091,0.024,0.067,0.01229754428244249
ekf_centrality,4,59,0.262,0.12,0.142,0.05443849808303662
ekf_centrality,4,60,0.136,0.05,0.086,0.019189424037831596
ekf_centrality,4,61,0.141,0.057,0.084,0.02380146994025441
ekf_centrality,4,62,0.189,0.086,0.103,0.037182462298161204
ekf_centrality,4,63,0.247,0.111,0.136,0.051001968036942485
ekf_centrality,4,64,0.194,0.087,0.107,0.035876828373171375
ekf_centrality,4,65,0.132,0.045,0.087,0.019247750397746084
ekf_centrality,4,66,0.133,0.045,0.088,0.019281109559944852
ekf_centrality,4,67,0.089,0.025,0.064,0.012484878258897922
ekf_centrality,4,68,0.197,0.082,0.115,0.03826529753292369
ekf_centrality,4,69,0.266,0.122,0.144,0.05729238572593081
ekf_centrality,4,70,0.164,0.068,0.096,0.031041769037399497
ekf_centrality,4,71,0.079,0.025,0.054,0.01187935320353235
ekf_centrality,4,72,0.16,0.066,0.094,0.029347164879262037
ekf_centrality,4,73,0.13,0.045,0.085,0.02106671663314775
ekf_centrality,4,74,0.197,0.09,0.107,0.036387301386641896
ekf_centrality,4,75,0.123,0.044,0.079,0.018552678195976485
ekf_centrality,4,76,0.123,0.043,0.08,0.01837103249316209
ekf_centrality,4,77,0.171,0.072,0.099,0.029452065446354942
ekf_centrality,4,78,0.133,0.045,0.088,0.021831607083242346
ekf_centrality,4,79,0.219,0.098,0.121,0.043162811250213075
ekf_centrality,4,80,0.023,0.011,0.012,0.003196766181205116
ekf_centrality,4,81,0.058,0.015,0.043,0.008223788122632771
ekf_centrality,4,82,0.102,0.028,0.074,0.015151343696820604
ekf_centrality,4,83,0.031,0.011,0.02,0.004294539189926581
ekf_centrality,4,84,0.212,0.092,0.12,0.04173474957616831
ekf_centrality,4,85,0.193,0.085,0.108,0.03421809797808265
ekf_centrality,4,86,0.094,0.026,0.068,0.014006484672568455
ekf_centrality,4,87,0.247,0.114,0.133,0.0510991244606242
ekf_centrality,4,88,0.096,0.023,0.073,0.013632510628076593
ekf_centrality,4,89,0.221,0.1,0.121,0.043726847254617715
ekf_centrality,4,90,0.133,0.05,0.083,0.02013252478579206
ekf_centrality,4,91,0.102,0.031,0.071,0.015220557889353866
ekf_centrality,4,92,0.034,0.009,0.025,0.004578996569010616
ekf_centrality,4,93,0.034,0.009,0.025,0.0046075550116127404
ekf_centrality,4,94,0.096,0.027,0.069,0.014154428401326868
ekf_centrality,4,95,0.047,0.009,0.038,0.006920358625708509
ekf_centrality,4,96,0.031,0.011,0.02,0.0044171934603755144
ekf_centrality,4,97,0.242,0.117,0.125,0.05229326772727577
ekf_centrality,4,98,0.237,0.11,0.127,0.046104598977166435
ekf_centrality,4,99,0.109,0.035,0.074,0.0158961338653183
ekf_centrality,4,100,0.08,0.018,0.062,0.011418802361881699
ekf_centrality,4,101,0.105,0.031,0.074,0.01639849324397797
ekf_centrality,4,102,0.251,0.112,0.139,0.05215483735252893
ekf_centrality,4,103,0.11,0.038,0.072,0.018163363912339702
ekf_centrality,4,104,0.093,0.026,0.067,0.013711580380784473
ekf_centrality,4,105,0.191,0.084,0.107,0.03336013708648757
ekf_centrality,4,106,0.015,0.009,0.006,0.0025735398054596297
ekf_centrality,4,107,0.104,0.033,0.071,0.016169953703220163
ekf_centrality,4,108,0.012,0.008,0.004,0.002407201855867737
ekf_centrality,4,109,0.106,0.038,0.068,0.017526172140022896
ekf_centrality,4,110,0.075,0.027,0.048,0.013372566071198461
ekf_centrality,4,111,0.263,0.12,0.143,0.05699306381650067
ekf_centrality,4,112,0.008,0.005,0.003,0.001552849122412676
ekf_centrality,4,113,0.106,0.035,0.071,0.017148485482331714
ekf_centrality,4,114,0.035,0.009,0.026,0.0043223304872166335
ekf_centrality,4,115,0.012,0.01,0.002,0.002852166176021658
ekf_centrality,4,116,0.034,0.009,0.025,0.004408054191754265
ekf_centrality,4,117,0.111,0.036,0.075,0.016671663899894454
ekf_centrality,4,118,0.267,0.122,0.145,0.057491900105955646
ekf_centrality,4,119,0.197,0.088,0.109,0.03565777465729433
ekf_centrality,4,120,0.023,0.018,0.005,0.005486878114591417
ekf_centrality,4,121,0.171,0.069,0.102,0.029935274623270225
ekf_centrality,4,122,0.021,0.012,0.009,0.003928991146384239
ekf_centrality,4,123,0.013,0.005,0.008,0.0018841118891651711
ekf_centrality,4,124,0.129,0.043,0.086,0.018167841929127335
ekf_centrality,4,125,0.017,0.011,0.006,0.003591109723658228
ekf_centrality,4,126,0.119,0.04,0.079,0.01905858272382149
ekf_centrality,4,127,0.02,0.01,0.01,0.0034300676628285184
ekf_centrality,4,128,0.267,0.122,0.145,0.05749007885436673
ekf_centrality,4,129,0.053,0.01,0.043,0.00720940574210394
ekf_centrality,4,130,0.259,0.119,0.14,0.05298659478772054
ekf_centrality,4,131,0.133,0.055,0.078,0.021494051617863334
ekf_centrality,4,132,0.217,0.091,0.126,0.03934728780199222
ekf_centrality,4,133,0.015,0.007,0.008,0.002551457919994945
ekf_centrality,4,134,0.233,0.103,0.13,0.046220215363045006
ekf_centrality,4,135,0.253,0.117,0.136,0.051335571883315306
ekf_centrality,4,136,0.224,0.109,0.115,0.04578962759743766
ekf_centrality,4,137,0.027,0.007,0.02,0.003226728197434147
ekf_centrality,4,138,0.02,0.004,0.016,0.0018695661892524367
ekf_centrality,4,139,0.02,0.004,0.016,0.0018441390063492586
ekf_centrality,4,140,0.022,0.005,0.017,0.002289286664840606
ekf_centrality,4,141,0.223,0.106,0.117,0.045121984776091625
ekf_centrality,4,142,0.232,0.105,0.127,0.04598490999254046
ekf_centrality,4,143,0.129,0.044,0.085,0.019476820127143676
ekf_centrality,4,144,0.12,0.031,0.089,0.017803086348463046
ekf_centrality,4,145,0.214,0.095,0.119,0.04253607132153968
ekf_centrality,4,146,0.229,0.101,0.128,0.04315786992523111
ekf_centrality,4,147,0.395,0.286,0.109,0.10047135777353294
ekf_centrality,4,148,0.235,0.107,0.128,0.047640234496674275
ekf_centrality,4,149,0.011,0.003,0.008,0.0011259132770783302
ekf_centrality,4,150,0.076,0.017,0.059,0.010619251759104187
ekf_centrality,4,151,0.267,0.122,0.145,0.05749610119714953
ekf_centrality,4,152,0.112,0.034,0.078,0.01682183573945017
ekf_centrality,4,153,0.073,0.015,0.058,0.01011758478036585
ekf_centrality,4,154,0.236,0.115,0.121,0.048604141129959456
ekf_centrality,4,155,0.241,0.105,0.136,0.04670597357308931
ekf_centrality,4,156,0.018,0.004,0.014,0.002054476970977073
ekf_centrality,4,157,0.102,0.022,0.08,0.01462853876133504
ekf_centrality,4,158,0.267,0.122,0.145,0.05749599008165496
ekf_centrality,4,159,0.011,0.003,0.008,0.0011131928186505539
ekf_centrality,4,160,0.252,0.116,0.136,0.052071009425180385
ekf_centrality,4,161,0.267,0.122,0.145,0.05749596346705645
ekf_centrality,4,162,0.267,0.122,0.145,0.057495796164851135
ekf_centrality,4,163,0.193,0.091,0.102,0.03797446410869253
ekf_centrality,4,164,0.095,0.021,0.074,0.013397340839108186
ekf_centrality,4,165,0.091,0.019,0.072,0.012635698935167448
ekf_centrality,4,166,0.106,0.028,0.078,0.016699806057907385
ekf_centrality,4,167,0.267,0.122,0.145,0.05747586876641336
ekf_centrality,4,168,0.09,0.018,0.072,0.01242876802277621
ekf_centrality,4,169,0.267,0.122,0.145,0.05730183483428422
ekf_centrality,4,170,0.267,0.122,0.145,0.05745189243262572
ekf_centrality,4,171,0.069,0.013,0.056,0.009979841881250028
ekf_centrality,4,172,0.267,0.122,0.145,0.057446105166917776
ekf_centrality,4,173,0.267,0.122,0.145,0.057366804744991604
ekf_centrality,4,174,0.267,0.122,0.145,0.057440721437758975
ekf_centrality,4,175,0.213,0.09,0.123,0.04057121844813462
ekf_centrality,4,176,0.193,0.087,0.106,0.037322590253687324
ekf_centrality,4,177,0.119,0.031,0.088,0.018754487051635526
ekf_centrality,4,178,0.256,0.114,0.142,0.054721239069745395
ekf_centrality,4,179,0.236,0.107,0.129,0.04564916896733635
ekf_centrality,4,180,0.23,0.104,0.126,0.046961333907269344
ekf_centrality,4,181,0.225,0.1,0.125,0.046079224878968275
ekf_centrality,4,182,0.053,0.009,0.044,0.006205668063160108
ekf_centrality,4,183,0.054,0.008,0.046,0.007158855249234569
ekf_centrality,4,184,0.054,0.007,0.047,0.007078444113402908
ekf_centrality,4,185,0.202,0.091,0.111,0.03917663738124708
ekf_centrality,4,186,0.267,0.122,0.145,0.0573742868552684
ekf_centrality,4,187,0.101,0.029,0.072,0.014237584598777086
ekf_centrality,4,188,0.259,0.116,0.143,0.05479487619532418
ekf_centrality,4,189,0.07,0.018,0.052,0.006785998731917054
ekf_centrality,4,190,0.196,0.086,0.11,0.03794445158702166
ekf_centrality,4,191,0.199,0.09,0.109,0.03743028627811318
ekf_centrality,4,192,0.068,0.012,0.056,0.009418014212291149
ekf_centrality,4,193,0.196,0.084,0.112,0.03858195858723681
ekf_centrality,4,194,0.192,0.081,0.111,0.034423921201495594
ekf_centrality,4,195,0.134,0.05,0.084,0.020894767997044362
ekf_centrality,4,196,0.199,0.086,0.113,0.03970290696505347
ekf_centrality,4,197,0.223,0.099,0.124,0.04334063294441954
ekf_centrality,4,198,0.195,0.086,0.109,0.03799744735471378
ekf_centrality,4,199,0.195,0.085,0.11,0.038281020830471704
ekf_centrality,4,200,0.149,0.057,0.092,0.024781190515892417
ekf_centrality,4,201,0.209,0.092,0.117,0.04090670301350191
ekf_centrality,4,202,0.189,0.08,0.109,0.033293087477912826
ekf_centrality,4,203,0.138,0.051,0.087,0.020795709466808105
ekf_centrality,4,204,0.136,0.051,0.085,0.0208516056939394
ekf_centrality,4,205,0.158,0.064,0.094,0.028160125114553396
ekf_centrality,4,206,0.207,0.09,0.117,0.041735597672546206
ekf_centrality,4,207,0.142,0.054,0.088,0.021100354888098555
ekf_centrality,4,208,0.105,0.032,0.073,0.014579959788203294
ekf_centrality,4,209,0.211,0.09,0.121,0.03811506459154491
ekf_centrality,4,210,0.173,0.071,0.102,0.02934346630019859
ekf_centrality,4,211,0.138,0.054,0.084,0.021832346456773753
ekf_centrality,4,212,0.132,0.051,0.081,0.021348322379843274
ekf_centrality,4,213,0.19,0.082,0.108,0.03247166338125032
ekf_centrality,4,214,1.0,1.0,0.0,0.2999994841616622
ekf_centrality,4,215,0.22,0.096,0.124,0.04474484867850103
ekf_centrality,4,216,0.153,0.058,0.095,0.0229522328453537
ekf_centrality,4,217,0.179,0.079,0.1,0.03222415397825396
ekf_centrality,4,218,0.223,0.103,0.12,0.04424020165024907
ekf_centrality,4,219,0.14,0.055,0.085,0.02366146169750361
ekf_centrality,4,220,0.146,0.057,0.089,0.02202559217338718
ekf_centrality,4,221,0.187,0.079,0.108,0.03229201618433598
ekf_centrality,4,222,0.269,0.125,0.144,0.05811105943020277
ekf_centrality,4,223,0.188,0.083,0.105,0.0335607453136279
ekf_centrality,4,224,0.17,0.069,0.101,0.027341851140102156
ekf_centrality,4,225,0.183,0.077,0.106,0.032416199003198115
ekf_centrality,4,226,0.198,0.087,0.111,0.03531152846337628
ekf_centrality,4,227,0.19,0.079,0.111,0.032913431582044156
ekf_centrality,4,228,0.135,0.067,0.068,0.022428399754192592
ekf_centrality,4,229,0.113,0.038,0.075,0.017113853280551802
ekf_centrality,4,230,0.139,0.053,0.086,0.02342379426230404
ekf_centrality,4,231,0.195,0.096,0.099,0.03792023761654559
ekf_centrality,4,232,0.143,0.055,0.088,0.023144284336838745
ekf_centrality,4,233,0.193,0.089,0.104,0.03640778574212824
ekf_centrality,4,234,0.149,0.057,0.092,0.02328029999178543
ekf_centrality,4,235,0.156,0.059,0.097,0.026038773966962615
ekf_centrality,4,236,0.156,0.063,0.093,0.027817935806745693
ekf_centrality,4,237,0.196,0.086,0.11,0.0358808974989955
ekf_centrality,4,238,0.198,0.088,0.11,0.037625543506862966
ekf_centrality,4,239,0.192,0.08,0.112,0.03268943681526275
ekf_centrality,4,240,0.193,0.087,0.106,0.035446071004360535
ekf_centrality,4,241,0.187,0.077,0.11,0.03213772469400335
ekf_centrality,4,242,0.199,0.088,0.111,0.033420155481663265
ekf_centrality,4,243,0.196,0.087,0.109,0.03803865295403755
ekf_centrality,4,244,0.189,0.083,0.106,0.03302146134612168
ekf_centrality,4,245,0.208,0.094,0.114,0.03892446013691594
ekf_centrality,4,246,0.209,0.094,0.115,0.03941449835834497
ekf_centrality,4,247,1.0,1.0,0.0,0.2999998145240916
ekf_centrality,4,248,0.187,0.081,0.106,0.03449403328145609
ekf_centrality,4,249,0.091,0.024,0.067,0.012297544282442485
ekf_centrality,4,250,0.267,0.122,0.145,0.05749611309906449
ekf_centrality,4,251,0.267,0.122,0.145,0.05749611309906449
oracle,0,0,1.0,1.0,0.0,0.24510490036288396
oracle,0,1,1.0,1.0,0.0,0.2451726141297907
oracle,0,2,1.0,1.0,0.0,0.24521810225564836
oracle,0,3,1.0,1.0,0.0,0.2451790393719675
oracle,0,4,1.0,1.0,0.0,0.24516948713621042
oracle,0,5,1.0,1.0,0.0,0.2452399061408662
oracle,0,6,1.0,1.0,0.0,0.24547899272665097
oracle,0,7,1.0,1.0,0.0,0.24599833126948675
oracle,0,8,1.0,1.0,0.0,0.24511047460857704
oracle,0,9,1.0,1.0,0.0,0.24519850780746497
oracle,0,10,1.0,1.0,0.0,0.30000000000000565
oracle,0,11,1.0,1.0,0.0,0.2458580143188244
oracle,0,12,1.0,1.0,0.0,0.24518813023745126
oracle,0,13,1.0,1.0,0.0,0.24580129292119354
oracle,0,14,1.0,1.0,0.0,0.24589237101153338
oracle,0,15,1.0,1.0,0.0,0.24527476994189143
oracle,0,16,1.0,1.0,0.0,0.24616006065110213
oracle,0,17,1.0,1.0,0.0,0.24503486715908915
oracle,0,18,1.0,1.0,0.0,0.24581830567019197
oracle,0,19,1.0,1.0,0.0,0.299998201492981
oracle,0,20,1.0,1.0,0.0,0.24528883779730412
oracle,0,21,1.0,1.0,0.0,0.24670357567452572
oracle,0,22,1.0,1.0,0.0,0.24525770061155305
oracle,0,23,1.0,1.0,0.0,0.24583442105532058
oracle,0,24,1.0,1.0,0.0,0.24579721629088383
oracle,0,25,1.0,1.0,0.0,0.2452531719756639
oracle,0,26,1.0,1.0,0.0,0.24582703567560896
oracle,0,27,1.0,1.0,0.0,0.24508279091950244
oracle,0,28,1.0,1.0,0.0,0.24564230631270492
oracle,0,29,1.0,1.0,0.0,0.24572263938362085
oracle,0,30,1.0,1.0,0.0,0.2454852990655535
oracle,0,31,1.0,1.0,0.0,0.24530150971567377
oracle,0,32,1.0,1.0,0.0,0.24552587861537595
oracle,0,33,1.0,1.0,0.0,0.24566175179566357
oracle,0,34,1.0,1.0,0.0,0.24597742830117444
oracle,0,35,1.0,1.0,0.0,0.24514578594981437
oracle,0,36,1.0,1.0,0.0,0.24516292831851796
oracle,0,37,1.0,1.0,0.0,0.2453884334208645
oracle,0,38,1.0,1.0,0.0,0.24521960847987181
oracle,0,39,1.0,1.0,0.0,0.2450248464888154
oracle,0,40,1.0,1.0,0.0,0.24529493821269627
oracle,0,41,1.0,1.0,0.0,0.24566177066645578
oracle,0,42,1.0,1.0,0.0,0.24528374470366102
oracle,0,43,1.0,1.0,0.0,0.29999994362241433
oracle,0,44,1.0,1.0,0.0,0.2456552404701038
oracle,0,45,1.0,1.0,0.0,0.2454981885273458
oracle,0,46,1.0,1.0,0.0,0.24502694947903675
oracle,0,47,1.0,1.0,0.0,0.24562856005419687
oracle,0,48,1.0,1.0,0.0,0.24502363704853797
oracle,0,49,1.0,1.0,0.0,0.2999999991853021
oracle,0,50,1.0,1.0,0.0,0.24502290190797432
oracle,0,51,1.0,1.0,0.0,0.24562374663689787
oracle,0,52,1.0,1.0,0.0,0.2453523259889099
oracle,0,53,1.0,1.0,0.0,0.2450765512881045
oracle,0,54,1.0,1.0,0.0,0.245022215466214
oracle,0,55,1.0,1.0,0.0,0.24517734364479704
oracle,0,56,1.0,1.0,0.0,0.2459199487778587
oracle,0,57,1.0,1.0,0.0,0.24566480247662859
oracle,0,58,1.0,1.0,0.0,0.24550281619798886
oracle,0,59,1.0,1.0,0.0,0.24502493981630966
oracle,0,60,1.0,1.0,0.0,0.2453428675049521
oracle,0,61,1.0,1.0,0.0,0.24543863653474068
oracle,0,62,1.0,1.0,0.0,0.24554038670584163
oracle,0,63,1.0,1.0,0.0,0.24509889496828863
oracle,0,64,1.0,1.0,0.0,0.24552849583466133
oracle,0,65,1.0,1.0,0.0,0.24533081722873415
oracle,0,66,1.0,1.0,0.0,0.24531762396256357
oracle,0,67,1.0,1.0,0.0,0.24551885733355025
oracle,0,68,1.0,1.0,0.0,0.24505679996365926
oracle,0,69,1.0,1.0,0.0,0.24502942243304307
oracle,0,70,1.0,1.0,0.0,0.2450659855612698
oracle,0,71,1.0,1.0,0.0,0.2456122645453372
oracle,0,72,1.0,1.0,0.0,0.24507092530877145
oracle,0,73,1.0,1.0,0.0,0.24519787477441266
oracle,0,74,1.0,1.0,0.0,0.24553828080768125
oracle,0,75,1.0,1.0,0.0,0.24545152471934578
oracle,0,76,1.0,1.0,0.0,0.2454551062825645
oracle,0,77,1.0,1.0,0.0,0.24508388463504552
oracle,0,78,1.0,1.0,0.0,0.24516412685171646
oracle,0,79,1.0,1.0,0.0,0.24511192013798772
oracle,0,80,1.0,1.0,0.0,0.2455754009605082
oracle,0,81,1.0,1.0,0.0,0.24558293063280806
oracle,0,82,1.0,1.0,0.0,0.24516162470096936
oracle,0,83,1.0,1.0,0.0,0.24561286659415152
oracle,0,84,1.0,1.0,0.0,0.24507796190707745
oracle,0,85,1.0,1.0,0.0,0.2455304503672609
oracle,0,86,1.0,1.0,0.0,0.24567100553412308
oracle,0,87,1.0,1.0,0.0,0.24513387684816196
oracle,0,88,1.0,1.0,0.0,0.24516401415980563
oracle,0,89,1.0,1.0,0.0,0.2450739977480752
oracle,0,90,1.0,1.0,0.0,0.2455312532717972
oracle,0,91,1.0,1.0,0.0,0.24581471847370234
oracle,0,92,1.0,1.0,0.0,0.24550684933870917
oracle,0,93,1.0,1.0,0.0,0.2455072014270705
oracle,0,94,1.0,1.0,0.0,0.24526248788035054
oracle,0,95,1.0,1.0,0.0,0.2453334076792967
oracle,0,96,1.0,1.0,0.0,0.24555752179183568
oracle,0,97,1.0,1.0,0.0,0.24577342521700654
oracle,0,98,1.0,1.0,0.0,0.24538345424552946
oracle,0,99,1.0,1.0,0.0,0.2452019590930604
oracle,0,100,1.0,1.0,0.0,0.24527486503042936
oracle,0,101,1.0,1.0,0.0,0.24522147142309123
oracle,0,102,1.0,1.0,0.0,0.24504051189581147
oracle,0,103,1.0,1.0,0.0,0.24560674188095108
oracle,0,104,1.0,1.0,0.0,0.24537182693126713
oracle,0,105,1.0,1.0,0.0,0.24549595066536797
oracle,0,106,1.0,1.0,0.0,0.2454335834419126
oracle,0,107,1.0,1.0,0.0,0.2457216411926876
oracle,0,108,1.0,1.0,0.0,0.2455062503633149
oracle,0,109,1.0,1.0,0.0,0.24586792543808966
oracle,0,110,1.0,1.0,0.0,0.2452974585036353
oracle,0,111,1.0,1.0,0.0,0.24503215376436682
oracle,0,112,1.0,1.0,0.0,0.24542107240087216
oracle,0,113,1.0,1.0,0.0,0.24547058058030366
oracle,0,114,1.0,1.0,0.0,0.2454423710075126
oracle,0,115,1.0,1.0,0.0,0.24555083326303703
oracle,0,116,1.0,1.0,0.0,0.24543254289759225
oracle,0,117,1.0,1.0,0.0,0.24549934923232927
oracle,0,118,1.0,1.0,0.0,0.24498383244449828
oracle,0,119,1.0,1.0,0.0,0.24541837618833676
oracle,0,120,1.0,1.0,0.0,0.24579669930442524
oracle,0,121,1.0,1.0,0.0,0.24519874220475474
oracle,0,122,1.0,1.0,0.0,0.2457375396912038
oracle,0,123,1.0,1.0,0.0,0.24539883950439312
oracle,0,124,1.0,1.0,0.0,0.24524789766297386
oracle,0,125,1.0,1.0,0.0,0.24583265122011336
oracle,0,126,1.0,1.0,0.0,0.24530231406732517
oracle,0,127,1.0,1.0,0.0,0.24554062745952293
oracle,0,128,1.0,1.0,0.0,0.2449829049694631
oracle,0,129,1.0,1.0,0.0,0.24540485497037187
oracle,0,130,1.0,1.0,0.0,0.24513144592632607
oracle,0,131,1.0,1.0,0.0,0.24582137614185123
oracle,0,132,1.0,1.0,0.0,0.24520581303395553
oracle,0,133,1.0,1.0,0.0,0.245389662059143
oracle,0,134,1.0,1.0,0.0,0.2452815534961709
oracle,0,135,1.0,1.0,0.0,0.24517949747539802
oracle,0,136,1.0,1.0,0.0,0.24544495294165175
oracle,0,137,1.0,1.0,0.0,0.24541758050708634
oracle,0,138,1.0,1.0,0.0,0.24526448038069373
oracle,0,139,1.0,1.0,0.0,0.24526382066233582
oracle,0,140,1.0,1.0,0.0,0.2453173597098376
oracle,0,141,1.0,1.0,0.0,0.24536330915863713
oracle,0,142,1.0,1.0,0.0,0.245255503596789
oracle,0,143,1.0,1.0,0.0,0.24544708060276463
oracle,0,144,1.0,1.0,0.0,0.24514911496309547
oracle,0,145,1.0,1.0,0.0,0.2451494531740678
oracle,0,146,1.0,1.0,0.0,0.24519935670427115
oracle,0,147,1.0,1.0,0.0,0.2599043257482929
oracle,0,148,1.0,1.0,0.0,0.24517306908977182
oracle,0,149,1.0,1.0,0.0,0.24527266546275633
oracle,0,150,1.0,1.0,0.0,0.245299967982503
oracle,0,151,1.0,1.0,0.0,0.24498216367850192
oracle,0,152,1.0,1.0,0.0,0.24528938746995696
oracle,0,153,1.0,1.0,0.0,0.2453271555577417
oracle,0,154,1.0,1.0,0.0,0.24546908965180647
oracle,0,155,1.0,1.0,0.0,0.24516535134559508
oracle,0,156,1.0,1.0,0.0,0.24535420636581
oracle,0,157,1.0,1.0,0.0,0.24513442752941575
oracle,0,158,1.0,1.0,0.0,0.2449821646452004
oracle,0,159,1.0,1.0,0.0,0.24524544944192972
oracle,0,160,1.0,1.0,0.0,0.2452131791044714
oracle,0,161,1.0,1.0,0.0,0.24498216489060495
oracle,0,162,1.0,1.0,0.0,0.24498216592738384
oracle,0,163,1.0,1.0,0.0,0.24587361276872632
oracle,0,164,1.0,1.0,0.0,0.24512993675766315
oracle,0,165,1.0,1.0,0.0,0.2451283337879623
oracle,0,166,1.0,1.0,0.0,0.2454736429020854
oracle,0,167,1.0,1.0,0.0,0.2449833386965659
oracle,0,168,1.0,1.0,0.0,0.24512704770566981
oracle,0,169,1.0,1.0,0.0,0.2449857479759201
oracle,0,170,1.0,1.0,0.0,0.24498350166674748
oracle,0,171,1.0,1.0,0.0,0.24542690140928156
oracle,0,172,1.0,1.0,0.0,0.24498368357594583
oracle,0,173,1.0,1.0,0.0,0.24498392609036118
oracle,0,174,1.0,1.0,0.0,0.24498366145176076
oracle,0,175,1.0,1.0,0.0,0.24501730865187016
oracle,0,176,1.0,1.0,0.0,0.24536201252406425
oracle,0,177,1.0,1.0,0.0,0.24558811121716034
oracle,0,178,1.0,1.0,0.0,0.24502838808556124
oracle,0,179,1.0,1.0,0.0,0.2450190341425506
oracle,0,180,1.0,1.0,0.0,0.244991761101339
oracle,0,181,1.0,1.0,0.0,0.2449938424666969
oracle,0,182,1.0,1.0,0.0,0.2451584647034294
oracle,0,183,1.0,1.0,0.0,0.24516328251520497
oracle,0,184,1.0,1.0,0.0,0.24516370615478497
oracle,0,185,1.0,1.0,0.0,0.24501542220241948
oracle,0,186,1.0,1.0,0.0,0.2449870450198063
oracle,0,187,1.0,1.0,0.0,0.24512767554045467
oracle,0,188,1.0,1.0,0.0,0.2449969059358878
oracle,0,189,1.0,1.0,0.0,0.24532208085711485
oracle,0,190,1.0,1.0,0.0,0.24504020947684865
oracle,0,191,1.0,1.0,0.0,0.2450276421253744
oracle,0,192,1.0,1.0,0.0,0.24518110724396158
oracle,0,193,1.0,1.0,0.0,0.24502000183046455
oracle,0,194,1.0,1.0,0.0,0.2450370588279284
oracle,0,195,1.0,1.0,0.0,0.2453968490862862
oracle,0,196,1.0,1.0,0.0,0.24504191538138437
oracle,0,197,1.0,1.0,0.0,0.24502518269069026
oracle,0,198,1.0,1.0,0.0,0.24511350384854505
oracle,0,199,1.0,1.0,0.0,0.24506510217029776
oracle,0,200,1.0,1.0,0.0,0.2455138402892293
oracle,0,201,1.0,1.0,0.0,0.24505707242789423
oracle,0,202,1.0,1.0,0.0,0.24543323014410925
oracle,0,203,1.0,1.0,0.0,0.2454127330523401
oracle,0,204,1.0,1.0,0.0,0.24545596436173225
oracle,0,205,1.0,1.0,0.0,0.24512761068354316
oracle,0,206,1.0,1.0,0.0,0.24501010535020523
oracle,0,207,1.0,1.0,0.0,0.24508247299982505
oracle,0,208,1.0,1.0,0.0,0.24533138595709877
oracle,0,209,1.0,1.0,0.0,0.24505489400927952
oracle,0,210,1.0,1.0,0.0,0.24504101538729425
oracle,0,211,1.0,1.0,0.0,0.24551873163237647
oracle,0,212,1.0,1.0,0.0,0.2455707240635591
oracle,0,213,1.0,1.0,0.0,0.24534819473878308
oracle,0,214,1.0,1.0,0.0,0.2999960495842197
oracle,0,215,1.0,1.0,0.0,0.24508631941617787
oracle,0,216,1.0,1.0,0.0,0.2451702422376348
oracle,0,217,1.0,1.0,0.0,0.24531112016949538
oracle,0,218,1.0,1.0,0.0,0.24500987072156669
oracle,0,219,1.0,1.0,0.0,0.24588265690669356
oracle,0,220,1.0,1.0,0.0,0.24527679763702442
oracle,0,221,1.0,1.0,0.0,0.24511429338332114
oracle,0,222,1.0,1.0,0.0,0.24511595511381348
oracle,0,223,1.0,1.0,0.0,0.24514486210065548
oracle,0,224,1.0,1.0,0.0,0.24533723636384208
oracle,0,225,1.0,1.0,0.0,0.2451672484228124
oracle,0,226,1.0,1.0,0.0,0.2453460273229682
oracle,0,227,1.0,1.0,0.0,0.24528297811999536
oracle,0,228,1.0,1.0,0.0,0.2462304277489209
oracle,0,229,1.0,1.0,0.0,0.24534228665482413
oracle,0,230,1.0,1.0,0.0,0.24521771061122746
oracle,0,231,1.0,1.0,0.0,0.24561638644067588
oracle,0,232,1.0,1.0,0.0,0.24523763742848972
oracle,0,233,1.0,1.0,0.0,0.24531690095177974
oracle,0,234,1.0,1.0,0.0,0.24525922295738897
oracle,0,235,1.0,1.0,0.0,0.2451374973946649
oracle,0,236,1.0,1.0,0.0,0.24512762267336227
oracle,0,237,1.0,1.0,0.0,0.24523726848939328
oracle,0,238,1.0,1.0,0.0,0.2452481131330961
oracle,0,239,1.0,1.0,0.0,0.24528629006457411
oracle,0,240,1.0,1.0,0.0,0.24525129413957455
oracle,0,241,1.0,1.0,0.0,0.2452287824009109
oracle,0,242,1.0,1.0,0.0,0.24516375931447956
oracle,0,243,1.0,1.0,0.0,0.24516872291020483
oracle,0,244,1.0,1.0,0.0,0.24509730737543667
oracle,0,245,1.0,1.0,0.0,0.24514743191871197
oracle,0,246,1.0,1.0,0.0,0.2451405291314346
oracle,0,247,1.0,1.0,0.0,0.29999874142579935
oracle,0,248,1.0,1.0,0.0,0.24508255308294116
oracle,0,249,1.0,1.0,0.0,0.24550281619798886
oracle,0,250,1.0,1.0,0.0,0.24498216369981415
oracle,0,251,1.0,1.0,0.0,0.24498216369981415
oracle,1,0,0.145,0.145,0.0,0.014202865229879473
oracle,1,1,0.179,0.179,0.0,0.02154577825895825
oracle,1,2,0.192,0.192,0.0,0.024924714570905167
oracle,1,3,0.186,0.186,0.0,0.023837559357451164
oracle,1,4,0.187,0.187,0.0,0.023858941580134633
oracle,1,5,0.146,0.146,0.0,0.016169746660820154
oracle,1,6,0.181,0.181,0.0,0.021431835235176135
oracle,1,7,0.025,0.025,0.0,0.006470708529485679
oracle,1,8,0.148,0.148,0.0,0.015169337880192998
oracle,1,9,0.151,0.151,0.0,0.016310476424600952
oracle,1,10,1.0,1.0,0.0,0.30000000000000565
oracle,1,11,0.03,0.03,0.0,0.006389217314278551
oracle,1,12,0.155,0.155,0.0,0.01717572342812434
oracle,1,13,0.03,0.03,0.0,0.006069208434436924
oracle,1,14,0.024,0.024,0.0,0.006375275278144837
oracle,1,15,0.078,0.078,0.0,0.006358176899261459
oracle,1,16,0.032,0.032,0.0,0.008305046624694949
oracle,1,17,0.188,0.188,0.0,0.024060139287254763
oracle,1,18,0.045,0.045,0.0,0.007442205818119598
oracle,1,19,1.0,1.0,0.0,0.2999996991533661
oracle,1,20,0.163,0.163,0.0,0.019033877218004248
oracle,1,21,0.046,0.046,0.0,0.009671033150482726
oracle,1,22,0.096,0.096,0.0,0.00822067707512052
oracle,1,23,0.044,0.044,0.0,0.007118689699354823
oracle,1,24,0.032,0.032,0.0,0.005235799597287821
oracle,1,25,0.092,0.092,0.0,0.007836591775741248
oracle,1,26,0.019,0.019,0.0,0.004958796598199233
oracle,1,27,0.192,0.192,0.0,0.024541199544184274
oracle,1,28,0.176,0.176,0.0,0.021516776986354735
oracle,1,29,0.071,0.071,0.0,0.00839653831374036
oracle,1,30,0.028,0.028,0.0,0.004091473195570334
oracle,1,31,0.165,0.165,0.0,0.019708764360150163
oracle,1,32,0.028,0.028,0.0,0.004222606096575181
oracle,1,33,0.022,0.022,0.0,0.004056938631128989
oracle,1,34,0.022,0.022,0.0,0.005306389349728123
oracle,1,35,0.124,0.124,0.0,0.012100379473956266
oracle,1,36,0.08,0.08,0.0,0.006052153899467099
oracle,1,37,0.109,0.109,0.0,0.009788039751320945
oracle,1,38,0.096,0.096,0.0,0.007823255315192847
oracle,1,39,0.181,0.181,0.0,0.022627502568280052
oracle,1,40,0.066,0.066,0.0,0.005620587400159766
oracle,1,41,0.019,0.019,0.0,0.004427776656973635
oracle,1,42,0.063,0.063,0.0,0.005433599900470729
oracle,1,43,1.0,1.0,0.0,0.30000000000000565
oracle,1,44,0.018,0.018,0.0,0.0039709751223180175
oracle,1,45,0.027,0.027,0.0,0.0038864153495219308
oracle,1,46,0.149,0.149,0.0,0.014587712477133797
oracle,1,47,0.016,0.016,0.0,0.003913713943413539
oracle,1,48,0.18,0.18,0.0,0.022214845200027526
oracle,1,49,1.0,1.0,0.0,0.30000000000000565
oracle,1,50,0.179,0.179,0.0,0.021983877298278283
oracle,1,51,0.048,0.048,0.0,0.005994817435839198
oracle,1,52,0.039,0.039,0.0,0.004035680722744928
oracle,1,53,0.186,0.186,0.0,0.02396421676474644
oracle,1,54,0.179,0.179,0.0,0.02179296412672907
oracle,1,55,0.041,0.041,0.0,0.0029646214357999146
oracle,1,56,0.188,0.188,0.0,0.025220490637665117
oracle,1,57,0.044,0.044,0.0,0.005751403091326532
oracle,1,58,0.027,0.027,0.0,0.003780627351206994
oracle,1,59,0.182,0.182,0.0,0.022742134817176435
oracle,1,60,0.04,0.04,0.0,0.003853979865317882
oracle,1,61,0.068,0.068,0.0,0.006431684476465116
oracle,1,62,0.136,0.136,0.0,0.014047047257224296
oracle,1,63,0.178,0.178,0.0,0.021188523235581087
oracle,1,64,0.121,0.121,0.0,0.01325378698651476
oracle,1,65,0.044,0.044,0.0,0.004014723664386745
oracle,1,66,0.044,0.044,0.0,0.00395168981584461
oracle,1,67,0.029,0.029,0.0,0.003854990340632041
oracle,1,68,0.124,0.124,0.0,0.011153083352118832
oracle,1,69,0.188,0.188,0.0,0.024358896698396477
oracle,1,70,0.096,0.096,0.0,0.007694971781586867
oracle,1,71,0.044,0.044,0.0,0.005509217369261759
oracle,1,72,0.089,0.089,0.0,0.007036804145056684
oracle,1,73,0.061,0.061,0.0,0.0047255724602505485
oracle,1,74,0.126,0.126,0.0,0.013122074314434577
oracle,1,75,0.04,0.04,0.0,0.004625459221661971
oracle,1,76,0.042,0.042,0.0,0.00454947814049138
oracle,1,77,0.094,0.094,0.0,0.007215248728179493
oracle,1,78,0.087,0.087,0.0,0.006675687498184912
oracle,1,79,0.165,0.165,0.0,0.017972014257374613
oracle,1,80,0.015,0.015,0.0,0.0034265301906229936
oracle,1,81,0.032,0.032,0.0,0.004357044371793445
oracle,1,82,0.05,0.05,0.0,0.003250312253997506
oracle,1,83,0.02,0.02,0.0,0.003778096844311573
oracle,1,84,0.153,0.153,0.0,0.01574604343397353
oracle,1,85,0.116,0.116,0.0,0.012059443080435803
oracle,1,86,0.033,0.033,0.0,0.005123854261469244
oracle,1,87,0.184,0.184,0.0,0.022810970541964647
oracle,1,88,0.038,0.038,0.0,0.0027430638582332796
oracle,1,89,0.156,0.156,0.0,0.01692625196190357
oracle,1,90,0.046,0.046,0.0,0.005070821776516873
oracle,1,91,0.035,0.035,0.0,0.006043574506293986
oracle,1,92,0.021,0.021,0.0,0.003294660415988515
oracle,1,93,0.021,0.021,0.0,0.0032929394589313542
oracle,1,94,0.053,0.053,0.0,0.0036547290855187885
oracle,1,95,0.021,0.021,0.0,0.0029000021877640544
oracle,1,96,0.018,0.018,0.0,0.003593891973139389
oracle,1,97,0.191,0.191,0.0,0.025214810180956802
oracle,1,98,0.171,0.171,0.0,0.01901609395984206
oracle,1,99,0.055,0.055,0.0,0.003906278562741495
oracle,1,100,0.038,0.038,0.0,0.002770439195161371
oracle,1,101,0.055,0.055,0.0,0.003839265872005448
oracle,1,102,0.178,0.178,0.0,0.02153980323592365
oracle,1,103,0.062,0.062,0.0,0.0067114468469453
oracle,1,104,0.057,0.057,0.0,0.0044199522010850735
oracle,1,105,0.107,0.107,0.0,0.011822026762774109
oracle,1,106,0.011,0.011,0.0,0.0026432021449928336
oracle,1,107,0.039,0.039,0.0,0.007140366590602542
oracle,1,108,0.013,0.013,0.0,0.0028163958832068117
oracle,1,109,0.06,0.06,0.0,0.006717835880962908
oracle,1,110,0.045,0.045,0.0,0.006428870253986633
oracle,1,111,0.191,0.191,0.0,0.024187634931343068
oracle,1,112,0.015,0.015,0.0,0.0021894572473923415
oracle,1,113,0.059,0.059,0.0,0.004945239439384595
oracle,1,114,0.024,0.024,0.0,0.0031446385621827677
oracle,1,115,0.016,0.016,0.0,0.003362181104118341
oracle,1,116,0.026,0.026,0.0,0.0031771616563489222
oracle,1,117,0.065,0.065,0.0,0.006634921154262606
oracle,1,118,0.191,0.191,0.0,0.024370608517431808
oracle,1,119,0.117,0.117,0.0,0.012783608876101615
oracle,1,120,0.024,0.024,0.0,0.005885765395701662
oracle,1,121,0.098,0.098,0.0,0.008341418596721167
oracle,1,122,0.017,0.017,0.0,0.00389329577268142
oracle,1,123,0.016,0.016,0.0,0.0020749902077241496
oracle,1,124,0.034,0.034,0.0,0.0031937204548376816
oracle,1,125,0.031,0.031,0.0,0.0042170015502151995
oracle,1,126,0.049,0.049,0.0,0.0038435883239255632
oracle,1,127,0.013,0.013,0.0,0.003285902877441499
oracle,1,128,0.191,0.191,0.0,0.02437653904624935
oracle,1,129,0.021,0.021,0.0,0.0028329418884738976
oracle,1,130,0.182,0.182,0.0,0.02225554245713662
oracle,1,131,0.048,0.048,0.0,0.006950925680426072
oracle,1,132,0.146,0.146,0.0,0.014752403329600755
oracle,1,133,0.013,0.013,0.0,0.002515156982172639
oracle,1,134,0.168,0.168,0.0,0.01913318753689829
oracle,1,135,0.18,0.18,0.0,0.021592256261639933
oracle,1,136,0.17,0.17,0.0,0.019772806531196507
oracle,1,137,0.024,0.024,0.0,0.002864962848351744
oracle,1,138,0.018,0.018,0.0,0.001489516962689306
oracle,1,139,0.018,0.018,0.0,0.0015005241688508968
oracle,1,140,0.021,0.021,0.0,0.0021124067930309172
oracle,1,141,0.172,0.172,0.0,0.01997051757977787
oracle,1,142,0.168,0.168,0.0,0.018374790254944824
oracle,1,143,0.043,0.043,0.0,0.004115184589716338
oracle,1,144,0.095,0.095,0.0,0.007401252827000501
oracle,1,145,0.154,0.154,0.0,0.016460350512138622
oracle,1,146,0.155,0.155,0.0,0.017152708642693408
oracle,1,147,0.357,0.357,0.0,0.07963015054609689
oracle,1,148,0.17,0.17,0.0,0.019917704450668455
oracle,1,149,0.023,0.023,0.0,0.0016932718342821756
oracle,1,150,0.022,0.022,0.0,0.00264947476450129
oracle,1,151,0.191,0.191,0.0,0.024377762167965396
oracle,1,152,0.041,0.041,0.0,0.0038995140967500053
oracle,1,153,0.025,0.025,0.0,0.0028281191888581184
oracle,1,154,0.181,0.181,0.0,0.021897229412728817
oracle,1,155,0.162,0.162,0.0,0.018829288178989118
oracle,1,156,0.019,0.019,0.0,0.002035506768031335
oracle,1,157,0.077,0.077,0.0,0.005376697887005546
oracle,1,158,0.191,0.191,0.0,0.02437770972767478
oracle,1,159,0.024,0.024,0.0,0.0016795440582089561
oracle,1,160,0.184,0.184,0.0,0.02214703777554174
oracle,1,161,0.191,0.191,0.0,0.024377696970882358
oracle,1,162,0.191,0.191,0.0,0.024377610986010906
oracle,1,163,0.133,0.133,0.0,0.015554209887169448
oracle,1,164,0.07,0.07,0.0,0.0049114675132786
oracle,1,165,0.066,0.066,0.0,0.004657445595526069
oracle,1,166,0.089,0.089,0.0,0.007519453839527603
oracle,1,167,0.191,0.191,0.0,0.024360995949238337
oracle,1,168,0.067,0.067,0.0,0.004580181184334566
oracle,1,169,0.191,0.191,0.0,0.02427354234066763
oracle,1,170,0.191,0.191,0.0,0.02435193581887744
oracle,1,171,0.057,0.057,0.0,0.004754584797470596
oracle,1,172,0.191,0.191,0.0,0.024348485691501547
oracle,1,173,0.191,0.191,0.0,0.024307620831317076
oracle,1,174,0.191,0.191,0.0,0.02434805017081475
oracle,1,175,0.148,0.148,0.0,0.014939970246622618
oracle,1,176,0.13,0.13,0.0,0.0137773538323046
oracle,1,177,0.093,0.093,0.0,0.00905112415114083
oracle,1,178,0.183,0.183,0.0,0.023096155836970604
oracle,1,179,0.16,0.16,0.0,0.01785222792040536
oracle,1,180,0.169,0.169,0.0,0.018427404727760773
oracle,1,181,0.167,0.167,0.0,0.017847321536825334
oracle,1,182,0.036,0.036,0.0,0.0023427448392657696
oracle,1,183,0.042,0.042,0.0,0.0025577582098895617
oracle,1,184,0.041,0.041,0.0,0.002524980772686983
oracle,1,185,0.142,0.142,0.0,0.013419438831631221
oracle,1,186,0.191,0.191,0.0,0.02431083670412976
oracle,1,187,0.069,0.069,0.0,0.005018294494885151
oracle,1,188,0.183,0.183,0.0,0.022961142948616134
oracle,1,189,0.056,0.056,0.0,0.0041142997010657194
oracle,1,190,0.131,0.131,0.0,0.012316606037411965
oracle,1,191,0.135,0.135,0.0,0.012510299333493242
oracle,1,192,0.06,0.06,0.0,0.003439592733456674
oracle,1,193,0.132,0.132,0.0,0.013016192875829438
oracle,1,194,0.122,0.122,0.0,0.01124207708729411
oracle,1,195,0.058,0.058,0.0,0.005385229704260951
oracle,1,196,0.134,0.134,0.0,0.013634971331612185
oracle,1,197,0.159,0.159,0.0,0.01628350664969609
oracle,1,198,0.141,0.141,0.0,0.01421786934787716
oracle,1,199,0.13,0.13,0.0,0.013000242044681516
oracle,1,200,0.064,0.064,0.0,0.006501694555022544
oracle,1,201,0.159,0.159,0.0,0.016461690903012357
oracle,1,202,0.107,0.107,0.0,0.011477820809891964
oracle,1,203,0.06,0.06,0.0,0.005180312814222379
oracle,1,204,0.057,0.057,0.0,0.005398787132373946
oracle,1,205,0.082,0.082,0.0,0.006374217396942989
oracle,1,206,0.152,0.152,0.0,0.01516042155558403
oracle,1,207,0.065,0.065,0.0,0.0047473533996816066
oracle,1,208,0.033,0.033,0.0,0.003440616752174901
oracle,1,209,0.138,0.138,0.0,0.013927123788273484
oracle,1,210,0.11,0.11,0.0,0.009846029757272298
oracle,1,211,0.057,0.057,0.0,0.00699135330028256
oracle,1,212,0.058,0.058,0.0,0.006792357339761027
oracle,1,213,0.109,0.109,0.0,0.010654432870836712
oracle,1,214,1.0,1.0,0.0,0.29999958423392115
oracle,1,215,0.16,0.16,0.0,0.017028856182466686
oracle,1,216,0.068,0.068,0.0,0.005346851347785909
oracle,1,217,0.108,0.108,0.0,0.009953968662784182
oracle,1,218,0.156,0.156,0.0,0.016973018572413602
oracle,1,219,0.065,0.065,0.0,0.007985564068391305
oracle,1,220,0.06,0.06,0.0,0.004687964670349979
oracle,1,221,0.13,0.13,0.0,0.011894427651509677
oracle,1,222,0.193,0.193,0.0,0.025117281548465004
oracle,1,223,0.128,0.128,0.0,0.011731070353477334
oracle,1,224,0.081,0.081,0.0,0.007596310793493426
oracle,1,225,0.126,0.126,0.0,0.011989770804744272
oracle,1,226,0.116,0.116,0.0,0.012281677042370974
oracle,1,227,0.109,0.109,0.0,0.010883207606070137
oracle,1,228,0.093,0.093,0.0,0.008910213251289899
oracle,1,229,0.053,0.053,0.0,0.004264147193831927
oracle,1,230,0.063,0.063,0.0,0.005169814231944555
oracle,1,231,0.135,0.135,0.0,0.016061599794455463
oracle,1,232,0.064,0.064,0.0,0.00505043302679223
oracle,1,233,0.128,0.128,0.0,0.012522276478111116
oracle,1,234,0.065,0.065,0.0,0.004987073025550448
oracle,1,235,0.089,0.089,0.0,0.006561708705121752
oracle,1,236,0.098,0.098,0.0,0.007796482309559271
oracle,1,237,0.122,0.122,0.0,0.012374363207448905
oracle,1,238,0.13,0.13,0.0,0.013512584140375542
oracle,1,239,0.109,0.109,0.0,0.010733744602478047
oracle,1,240,0.119,0.119,0.0,0.011662217702703424
oracle,1,241,0.104,0.104,0.0,0.01026261322275247
oracle,1,242,0.112,0.112,0.0,0.010403287312166644
oracle,1,243,0.134,0.134,0.0,0.01367853265213356
oracle,1,244,0.112,0.112,0.0,0.01014031244276264
oracle,1,245,0.137,0.137,0.0,0.013436597373498895
oracle,1,246,0.14,0.14,0.0,0.013220639063536094
oracle,1,247,1.0,1.0,0.0,0.29999994164516997
oracle,1,248,0.111,0.111,0.0,0.010283902012141563
oracle,1,249,0.027,0.027,0.0,0.003780627351206995
oracle,1,250,0.191,0.191,0.0,0.024377768412418736
oracle,1,251,0.191,0.191,0.0,0.024377768412418736
oracle,2,0,0.18,0.047,0.133,0.04577201078970296
oracle,2,1,0.242,0.067,0.175,0.0838212859349738
oracle,2,2,0.275,0.088,0.187,0.10044429899829779
oracle,2,3,0.267,0.084,0.183,0.09638477391629174
oracle,2,4,0.264,0.082,0.182,0.09597563933790315
oracle,2,5,0.205,0.054,0.151,0.057775785892311395
oracle,2,6,0.228,0.069,0.159,0.07428936023024393
oracle,2,7,0.024,0.02,0.004,0.006306923431154343
oracle,2,8,0.179,0.042,0.137,0.05104352754812929
oracle,2,9,0.203,0.052,0.151,0.05879245819088946
oracle,2,10,1.0,1.0,0.0,0.30000000000000565
oracle,2,11,0.022,0.022,0.0,0.005420507243517246
oracle,2,12,0.199,0.05,0.149,0.05651957445320998
oracle,2,13,0.02,0.02,0.0,0.005133484142798264
oracle,2,14,0.022,0.022,0.0,0.005624523973517229
oracle,2,15,0.082,0.011,0.071,0.015033029307651468
oracle,2,16,0.031,0.027,0.004,0.008113576858583911
oracle,2,17,0.275,0.085,0.19,0.10167034061253175
oracle,2,18,0.039,0.02,0.019,0.007417758871930999
oracle,2,19,1.0,1.0,0.0,0.2999993995474831
oracle,2,20,0.224,0.054,0.17,0.07298756684539419
oracle,2,21,0.04,0.029,0.011,0.009693551089955621
oracle,2,22,0.119,0.021,0.098,0.02726031730920398
oracle,2,23,0.037,0.02,0.017,0.007087338558084277
oracle,2,24,0.026,0.014,0.012,0.005327414764602878
oracle,2,25,0.115,0.022,0.093,0.0247657569541507
oracle,2,26,0.016,0.016,0.0,0.004306925404488778
oracle,2,27,0.276,0.088,0.188,0.10181416593348816
oracle,2,28,0.24,0.068,0.172,0.07877579049423619
oracle,2,29,0.073,0.023,0.05,0.012689931895625102
oracle,2,30,0.021,0.01,0.011,0.0036432907963993544
oracle,2,31,0.239,0.061,0.178,0.07761558760543064
oracle,2,32,0.026,0.011,0.015,0.004402428669348744
oracle,2,33,0.015,0.012,0.003,0.003510278116938846
oracle,2,34,0.021,0.019,0.002,0.004676714266815884
oracle,2,35,0.157,0.036,0.121,0.03479649239845302
oracle,2,36,0.107,0.008,0.099,0.02428369789562475
oracle,2,37,0.128,0.018,0.11,0.031243778131492164
oracle,2,38,0.138,0.009,0.129,0.03450644574286932
oracle,2,39,0.261,0.078,0.183,0.09491435717097851
oracle,2,40,0.076,0.01,0.066,0.01408176969001671
oracle,2,41,0.016,0.016,0.0,0.003874183403813421
oracle,2,42,0.063,0.012,0.051,0.008129722829707262
oracle,2,43,1.0,1.0,0.0,0.30000000000000565
oracle,2,44,0.014,0.014,0.0,0.0034277259485140108
oracle,2,45,0.028,0.01,0.018,0.0043391733485358954
oracle,2,46,0.193,0.047,0.146,0.05255262837057714
oracle,2,47,0.014,0.014,0.0,0.003322792109395062
oracle,2,48,0.255,0.073,0.182,0.0929820098847469
oracle,2,49,1.0,1.0,0.0,0.30000000000000565
oracle,2,50,0.256,0.073,0.183,0.09192110434862985
oracle,2,51,0.042,0.016,0.026,0.005887756263900288
oracle,2,52,0.026,0.008,0.018,0.004038357908001565
oracle,2,53,0.272,0.085,0.187,0.0995573353921344
oracle,2,54,0.251,0.071,0.18,0.09104972720350818
oracle,2,55,0.035,0.003,0.032,0.0041005442232734555
oracle,2,56,0.259,0.082,0.177,0.09274598370920764
oracle,2,57,0.043,0.016,0.027,0.005849350708759433
oracle,2,58,0.024,0.01,0.014,0.0035586636611932895
oracle,2,59,0.262,0.078,0.184,0.09544279871374031
oracle,2,60,0.026,0.008,0.018,0.003656770992237835
oracle,2,61,0.082,0.011,0.071,0.016269933371578726
oracle,2,62,0.165,0.036,0.129,0.039211013393914626
oracle,2,63,0.252,0.07,0.182,0.08530406017146026
oracle,2,64,0.154,0.037,0.117,0.03593053273085137
oracle,2,65,0.034,0.009,0.025,0.004556471724746965
oracle,2,66,0.034,0.008,0.026,0.004557051543580009
oracle,2,67,0.019,0.009,0.01,0.003307405432501174
oracle,2,68,0.174,0.028,0.146,0.050702363107915205
oracle,2,69,0.277,0.087,0.19,0.10339369001777604
oracle,2,70,0.124,0.019,0.105,0.026486383243635052
oracle,2,71,0.053,0.015,0.038,0.0065576114683005005
oracle,2,72,0.108,0.019,0.089,0.020385502939634478
oracle,2,73,0.073,0.008,0.065,0.012767073925749111
oracle,2,74,0.155,0.038,0.117,0.03623874390943386
oracle,2,75,0.037,0.011,0.026,0.004976902751500312
oracle,2,76,0.03,0.01,0.02,0.004802026557836008
oracle,2,77,0.105,0.015,0.09,0.01989430968206747
oracle,2,78,0.123,0.016,0.107,0.025048646909901568
oracle,2,79,0.21,0.053,0.157,0.06254916799269716
oracle,2,80,0.012,0.012,0.0,0.0027987219119434757
oracle,2,81,0.032,0.013,0.019,0.005107768473775559
oracle,2,82,0.061,0.003,0.058,0.008657887341806688
oracle,2,83,0.013,0.013,0.0,0.0029866315121059093
oracle,2,84,0.183,0.044,0.139,0.05552898312286571
oracle,2,85,0.134,0.033,0.101,0.029847787749960553
oracle,2,86,0.031,0.014,0.017,0.005529188305219522
oracle,2,87,0.25,0.073,0.177,0.08085739493275593
oracle,2,88,0.039,0.004,0.035,0.004549103549779378
oracle,2,89,0.208,0.051,0.157,0.06273014020942376
oracle,2,90,0.035,0.013,0.022,0.005248278329614046
oracle,2,91,0.029,0.017,0.012,0.005997390800199358
oracle,2,92,0.021,0.012,0.009,0.0028400619632937122
oracle,2,93,0.02,0.012,0.008,0.0028245059059491162
oracle,2,94,0.074,0.004,0.07,0.012392028039986642
oracle,2,95,0.014,0.007,0.007,0.0028708216560850777
oracle,2,96,0.014,0.013,0.001,0.002916981528410515
oracle,2,97,0.245,0.081,0.164,0.08016854825781368
oracle,2,98,0.222,0.061,0.161,0.07156034349409622
oracle,2,99,0.072,0.005,0.067,0.011138096827270677
oracle,2,100,0.037,0.005,0.032,0.00430993398840073
oracle,2,101,0.074,0.004,0.07,0.012833576792187376
oracle,2,102,0.255,0.073,0.182,0.09075416141548305
oracle,2,103,0.074,0.014,0.06,0.012424060690919881
oracle,2,104,0.07,0.007,0.063,0.011289506200340863
oracle,2,105,0.143,0.034,0.109,0.0295782131589545
oracle,2,106,0.011,0.011,0.0,0.0024000492159568106
oracle,2,107,0.034,0.02,0.014,0.0070339478610721195
oracle,2,108,0.01,0.01,0.0,0.0023415465368803517
oracle,2,109,0.069,0.015,0.054,0.012461959824470565
oracle,2,110,0.042,0.018,0.024,0.008024849239741845
oracle,2,111,0.275,0.086,0.189,0.10275824975301184
oracle,2,112,0.017,0.007,0.01,0.002308916110578282
oracle,2,113,0.072,0.008,0.064,0.013314985570064395
oracle,2,114,0.023,0.011,0.012,0.003429198910771627
oracle,2,115,0.014,0.014,0.0,0.00298283965124371
oracle,2,116,0.024,0.011,0.013,0.003666822362116555
oracle,2,117,0.071,0.012,0.059,0.012177612289430982
oracle,2,118,0.28,0.088,0.192,0.10425444259903544
oracle,2,119,0.154,0.034,0.12,0.036522694004569416
oracle,2,120,0.022,0.022,0.0,0.0054211696967463256
oracle,2,121,0.105,0.02,0.085,0.018700615011297436
oracle,2,122,0.017,0.014,0.003,0.0035296420324363005
oracle,2,123,0.021,0.007,0.014,0.0027925457447209928
oracle,2,124,0.042,0.005,0.037,0.005488377665454477
oracle,2,125,0.03,0.015,0.015,0.005276546745692707
oracle,2,126,0.047,0.007,0.04,0.006725599345975018
oracle,2,127,0.013,0.012,0.001,0.002786581289261488
oracle,2,128,0.28,0.088,0.192,0.10427722905028947
oracle,2,129,0.014,0.008,0.006,0.002605340352829393
oracle,2,130,0.255,0.075,0.18,0.0890748514556812
oracle,2,131,0.055,0.017,0.038,0.009290368577253915
oracle,2,132,0.184,0.048,0.136,0.04595203237129409
oracle,2,133,0.01,0.008,0.002,0.002051335473342332
oracle,2,134,0.214,0.056,0.158,0.06665389726859558
oracle,2,135,0.244,0.068,0.176,0.08447556490215817
oracle,2,136,0.215,0.061,0.154,0.06672312443291509
oracle,2,137,0.032,0.009,0.023,0.004307479194419507
oracle,2,138,0.017,0.004,0.013,0.0020476872676949112
oracle,2,139,0.017,0.004,0.013,0.0021647254979645014
oracle,2,140,0.028,0.007,0.021,0.0037695273674379663
oracle,2,141,0.227,0.059,0.168,0.07196879426877484
oracle,2,142,0.216,0.056,0.16,0.06627450872747911
oracle,2,143,0.041,0.008,0.033,0.005977049786156531
oracle,2,144,0.134,0.007,0.127,0.032335784415681065
oracle,2,145,0.201,0.051,0.15,0.05645398775604498
oracle,2,146,0.201,0.054,0.147,0.060742141384928824
oracle,2,147,0.35,0.243,0.107,0.10793545320307414
oracle,2,148,0.231,0.062,0.169,0.07533423051346848
oracle,2,149,0.026,0.005,0.021,0.0036593652041990252
oracle,2,150,0.025,0.006,0.019,0.003561450745836326
oracle,2,151,0.28,0.088,0.192,0.10430262875474598
oracle,2,152,0.053,0.007,0.046,0.006889104479745535
oracle,2,153,0.018,0.007,0.011,0.002890166793698765
oracle,2,154,0.231,0.068,0.163,0.07313532054968887
oracle,2,155,0.219,0.059,0.16,0.06674978530410727
oracle,2,156,0.023,0.006,0.017,0.003428848903784751
oracle,2,157,0.099,0.004,0.095,0.021114407482582104
oracle,2,158,0.28,0.088,0.192,0.10430234730991253
oracle,2,159,0.03,0.005,0.025,0.004141156149789481
oracle,2,160,0.261,0.079,0.182,0.08840220615405472
oracle,2,161,0.28,0.088,0.192,0.1043022806338849
oracle,2,162,0.28,0.088,0.192,0.1043018650411947
oracle,2,163,0.161,0.039,0.122,0.038312436873468775
oracle,2,164,0.086,0.003,0.083,0.017551814838665712
oracle,2,165,0.078,0.004,0.074,0.015444570709918812
oracle,2,166,0.112,0.009,0.103,0.024433551055644577
oracle,2,167,0.28,0.088,0.192,0.10428586274259807
oracle,2,168,0.075,0.004,0.071,0.014761452295967904
oracle,2,169,0.279,0.088,0.191,0.10383699574206458
oracle,2,170,0.28,0.088,0.192,0.10420919892516617
oracle,2,171,0.072,0.009,0.063,0.012844261230055679
oracle,2,172,0.28,0.088,0.192,0.10420111808624417
oracle,2,173,0.279,0.088,0.191,0.10398137530698992
oracle,2,174,0.28,0.088,0.192,0.10420961099837957
oracle,2,175,0.183,0.043,0.14,0.053873629685492745
oracle,2,176,0.173,0.034,0.139,0.04239570408106514
oracle,2,177,0.125,0.013,0.112,0.029981557413451966
oracle,2,178,0.265,0.08,0.185,0.09653420473423625
oracle,2,179,0.225,0.053,0.172,0.07244535308392065
oracle,2,180,0.235,0.059,0.176,0.07617910893584323
oracle,2,181,0.229,0.057,0.172,0.07341395802924962
oracle,2,182,0.035,0.002,0.033,0.0047579259523775775
oracle,2,183,0.049,0.003,0.046,0.006536966638603083
oracle,2,184,0.048,0.003,0.045,0.006341097523809506
oracle,2,185,0.189,0.037,0.152,0.05070553374542179
oracle,2,186,0.279,0.088,0.191,0.10405933588369733
oracle,2,187,0.094,0.005,0.089,0.019688275626172858
oracle,2,188,0.268,0.08,0.188,0.0971854267238701
oracle,2,189,0.055,0.009,0.046,0.008666684614420408
oracle,2,190,0.178,0.035,0.143,0.04619378750321818
oracle,2,191,0.17,0.032,0.138,0.04505636003909867
oracle,2,192,0.075,0.004,0.071,0.013040695076532395
oracle,2,193,0.185,0.039,0.146,0.04757880915823645
oracle,2,194,0.152,0.033,0.119,0.036412968190439494
oracle,2,195,0.052,0.011,0.041,0.007104259912396561
oracle,2,196,0.184,0.042,0.142,0.04924681939224524
oracle,2,197,0.215,0.049,0.166,0.06515174703129949
oracle,2,198,0.184,0.042,0.142,0.04658721975182337
oracle,2,199,0.188,0.041,0.147,0.04641995804726882
oracle,2,200,0.06,0.017,0.043,0.0081615007332164
oracle,2,201,0.22,0.052,0.168,0.06761871835920039
oracle,2,202,0.142,0.032,0.11,0.030295695444002454
oracle,2,203,0.055,0.012,0.043,0.006858945389255742
oracle,2,204,0.054,0.014,0.04,0.00709248650431855
oracle,2,205,0.117,0.015,0.102,0.02407297280357168
oracle,2,206,0.2,0.046,0.154,0.05796126889151058
oracle,2,207,0.073,0.006,0.067,0.01308029186840906
oracle,2,208,0.028,0.008,0.02,0.0038890876226560043
oracle,2,209,0.181,0.046,0.135,0.0455355041630365
oracle,2,210,0.142,0.025,0.117,0.02998946033081657
oracle,2,211,0.059,0.02,0.039,0.008580688288687043
oracle,2,212,0.054,0.02,0.034,0.00807201156193507
oracle,2,213,0.134,0.028,0.106,0.02886991255414268
oracle,2,214,1.0,1.0,0.0,0.29999945768366676
oracle,2,215,0.218,0.055,0.163,0.06627024352667649
oracle,2,216,0.074,0.011,0.063,0.010577852070806344
oracle,2,217,0.133,0.026,0.107,0.028454750341553134
oracle,2,218,0.205,0.048,0.157,0.06600954705085402
oracle,2,219,0.062,0.022,0.04,0.009887705566637912
oracle,2,220,0.057,0.009,0.048,0.006562939780099333
oracle,2,221,0.152,0.032,0.12,0.037829583358638785
oracle,2,222,0.279,0.09,0.189,0.10362013947996453
oracle,2,223,0.169,0.034,0.135,0.041853184533674294
oracle,2,224,0.097,0.02,0.077,0.013959699554469705
oracle,2,225,0.151,0.033,0.118,0.03739087798087765
oracle,2,226,0.152,0.032,0.12,0.03647470276163572
oracle,2,227,0.135,0.03,0.105,0.030492145865090747
oracle,2,228,0.09,0.029,0.061,0.019208519989648683
oracle,2,229,0.048,0.01,0.038,0.006277951115249584
oracle,2,230,0.058,0.013,0.045,0.008327915525724892
oracle,2,231,0.168,0.045,0.123,0.0407224110970651
oracle,2,232,0.053,0.011,0.042,0.007281616153593225
oracle,2,233,0.163,0.034,0.129,0.039772306399344176
oracle,2,234,0.056,0.011,0.045,0.007190264743306235
oracle,2,235,0.105,0.014,0.091,0.019511327047414668
oracle,2,236,0.117,0.016,0.101,0.024691012486449164
oracle,2,237,0.154,0.033,0.121,0.03905455657403662
oracle,2,238,0.181,0.034,0.147,0.045253753218634576
oracle,2,239,0.138,0.031,0.107,0.02983123509192295
oracle,2,240,0.156,0.032,0.124,0.03778333244772249
oracle,2,241,0.137,0.028,0.109,0.02834521590953434
oracle,2,242,0.128,0.027,0.101,0.029230785640480556
oracle,2,243,0.186,0.033,0.153,0.04819385834871309
oracle,2,244,0.132,0.024,0.108,0.028336979530063137
oracle,2,245,0.181,0.038,0.143,0.048012208721264826
oracle,2,246,0.181,0.037,0.144,0.04769195897061346
oracle,2,247,1.0,1.0,0.0,0.2999999657983829
oracle,2,248,0.152,0.029,0.123,0.03443729108388034
oracle,2,249,0.024,0.01,0.014,0.003558663661193289
oracle,2,250,0.28,0.088,0.192,0.10430265631675702
oracle,2,251,0.28,0.088,0.192,0.10430265631675702
oracle,3,0,0.051,0.016,0.035,0.006976798889601231
oracle,3,1,0.09,0.033,0.057,0.017518974658415877
oracle,3,2,0.116,0.044,0.072,0.023411669313094137
oracle,3,3,0.111,0.039,0.072,0.021674050090469327
oracle,3,4,0.109,0.041,0.068,0.021528465087766593
oracle,3,5,0.061,0.021,0.04,0.010429984382986276
oracle,3,6,0.092,0.035,0.057,0.016592190869832955
oracle,3,7,0.02,0.02,0.0,0.005690264208750123
oracle,3,8,0.058,0.018,0.04,0.00875317922777237
oracle,3,9,0.061,0.02,0.041,0.010212357688124967
oracle,3,10,1.0,1.0,0.0,0.30000000000000565
oracle,3,11,0.019,0.019,0.0,0.004860920264502769
oracle,3,12,0.064,0.021,0.043,0.011220613418360458
oracle,3,13,0.018,0.018,0.0,0.004597081376458863
oracle,3,14,0.019,0.019,0.0,0.0052790677975224415
oracle,3,15,0.014,0.006,0.008,0.002139536080039391
oracle,3,16,0.026,0.026,0.0,0.007546441643427872
oracle,3,17,0.113,0.041,0.072,0.02273148916980093
oracle,3,18,0.02,0.02,0.0,0.005527362990008644
oracle,3,19,1.0,1.0,0.0,0.29999974504535365
oracle,3,20,0.08,0.029,0.051,0.014444391138386447
oracle,3,21,0.028,0.028,0.0,0.008114839749648035
oracle,3,22,0.035,0.01,0.025,0.0046906697577916755
oracle,3,23,0.019,0.019,0.0,0.005235491805685856
oracle,3,24,0.014,0.013,0.001,0.0038581935040917312
oracle,3,25,0.03,0.01,0.02,0.00403394951538573
oracle,3,26,0.014,0.014,0.0,0.004034815436369663
oracle,3,27,0.115,0.043,0.072,0.023353235117175002
oracle,3,28,0.092,0.037,0.055,0.015811413310134224
oracle,3,29,0.022,0.018,0.004,0.005297701190850679
oracle,3,30,0.009,0.009,0.0,0.0026961620070529288
oracle,3,31,0.085,0.03,0.055,0.015700564924377
oracle,3,32,0.011,0.01,0.001,0.002798202883316751
oracle,3,33,0.011,0.011,0.0,0.0030670229539289033
oracle,3,34,0.016,0.016,0.0,0.004214646060587581
oracle,3,35,0.041,0.013,0.028,0.00554018057124512
oracle,3,36,0.019,0.004,0.015,0.003227420571175233
oracle,3,37,0.034,0.01,0.024,0.005449032694595669
oracle,3,38,0.03,0.007,0.023,0.004895573771114075
oracle,3,39,0.104,0.038,0.066,0.020487819723196778
oracle,3,40,0.016,0.006,0.01,0.0019537864022559433
oracle,3,41,0.015,0.015,0.0,0.0033871902052873726
oracle,3,42,0.009,0.006,0.003,0.0016551175433911643
oracle,3,43,1.0,1.0,0.0,0.30000000000000565
oracle,3,44,0.012,0.012,0.0,0.002957729178676019
oracle,3,45,0.011,0.009,0.002,0.002510647984208952
oracle,3,46,0.057,0.016,0.041,0.007754200774972774
oracle,3,47,0.012,0.012,0.0,0.002836989474654367
oracle,3,48,0.102,0.038,0.064,0.01986052447892628
oracle,3,49,1.0,1.0,0.0,0.30000000000000565
oracle,3,50,0.102,0.038,0.064,0.019503787413799004
oracle,3,51,0.016,0.015,0.001,0.003923554912304657
oracle,3,52,0.008,0.007,0.001,0.0017613802125773016
oracle,3,53,0.113,0.041,0.072,0.022376511220292987
oracle,3,54,0.1,0.038,0.062,0.019211785252847807
oracle,3,55,0.002,0.002,0.0,0.0005993319635225463
oracle,3,56,0.113,0.048,0.065,0.0216714046763259
oracle,3,57,0.017,0.015,0.002,0.0038085105614774463
oracle,3,58,0.009,0.008,0.001,0.0024117813997662657
oracle,3,59,0.105,0.038,0.067,0.02066331422570453
oracle,3,60,0.006,0.005,0.001,0.0014539614991110515
oracle,3,61,0.02,0.01,0.01,0.00388933315960297
oracle,3,62,0.052,0.021,0.031,0.008546814283363431
oracle,3,63,0.095,0.032,0.063,0.017648160567554756
oracle,3,64,0.05,0.02,0.03,0.007829318269408692
oracle,3,65,0.008,0.006,0.002,0.0016818330543810574
oracle,3,66,0.008,0.006,0.002,0.0017119587708210313
oracle,3,67,0.008,0.008,0.0,0.0023932285294169546
oracle,3,68,0.055,0.014,0.041,0.00843805746976189
oracle,3,69,0.115,0.042,0.073,0.02338123813818394
oracle,3,70,0.035,0.011,0.024,0.003467256053742772
oracle,3,71,0.015,0.014,0.001,0.0034561204784964456
oracle,3,72,0.023,0.005,0.018,0.002348722338744219
oracle,3,73,0.017,0.005,0.012,0.002256028109781129
oracle,3,74,0.042,0.017,0.025,0.007354195863756633
oracle,3,75,0.01,0.009,0.001,0.002409132146471659
oracle,3,76,0.01,0.009,0.001,0.0024498041949886284
oracle,3,77,0.019,0.004,0.015,0.0021563194496964596
oracle,3,78,0.024,0.005,0.019,0.003110138724081006
oracle,3,79,0.074,0.028,0.046,0.009816646313511278
oracle,3,80,0.01,0.01,0.0,0.0022735964193461512
oracle,3,81,0.012,0.012,0.0,0.0028480357208682575
oracle,3,82,0.007,0.002,0.005,0.001069040104500544
oracle,3,83,0.011,0.011,0.0,0.002446117468070342
oracle,3,84,0.058,0.016,0.042,0.00949525885445544
oracle,3,85,0.039,0.014,0.025,0.006006748980343433
oracle,3,86,0.014,0.013,0.001,0.0037854684739517
oracle,3,87,0.103,0.041,0.062,0.020308489907462295
oracle,3,88,0.002,0.002,0.0,0.0005985708928838986
oracle,3,89,0.063,0.021,0.042,0.011181385780277801
oracle,3,90,0.01,0.009,0.001,0.002651708395136775
oracle,3,91,0.017,0.016,0.001,0.004733600240576939
oracle,3,92,0.009,0.009,0.0,0.001937384810258946
oracle,3,93,0.009,0.009,0.0,0.0019364713112535686
oracle,3,94,0.009,0.003,0.006,0.0014716787845328507
oracle,3,95,0.007,0.007,0.0,0.0020012148479309232
oracle,3,96,0.01,0.01,0.0,0.002362767618256484
oracle,3,97,0.107,0.051,0.056,0.022171950718986366
oracle,3,98,0.074,0.029,0.045,0.013551212892122997
oracle,3,99,0.01,0.003,0.007,0.0015605184007115897
oracle,3,100,0.003,0.003,0.0,0.0008984666735206244
oracle,3,101,0.009,0.003,0.006,0.0016426075147321618
oracle,3,102,0.1,0.033,0.067,0.01842893172771959
oracle,3,103,0.019,0.013,0.006,0.004541624264095727
oracle,3,104,0.013,0.006,0.007,0.0023375713071989482
oracle,3,105,0.041,0.015,0.026,0.005861151011028227
oracle,3,106,0.009,0.009,0.0,0.0020572587739165005
oracle,3,107,0.019,0.019,0.0,0.005690758395688492
oracle,3,108,0.008,0.008,0.0,0.002125616999237701
oracle,3,109,0.019,0.014,0.005,0.0047974110298535
oracle,3,110,0.016,0.015,0.001,0.0045632296050731325
oracle,3,111,0.112,0.04,0.072,0.023040454691779032
oracle,3,112,0.005,0.005,0.0,0.0012886365291035484
oracle,3,113,0.013,0.007,0.006,0.002933607267659712
oracle,3,114,0.008,0.008,0.0,0.0016638808824329901
oracle,3,115,0.01,0.01,0.0,0.0025814636723058616
oracle,3,116,0.008,0.008,0.0,0.0016614323461674528
oracle,3,117,0.016,0.01,0.006,0.0032122032583293647
oracle,3,118,0.115,0.042,0.073,0.023741687524664025
oracle,3,119,0.046,0.017,0.029,0.0070681985709832255
oracle,3,120,0.018,0.018,0.0,0.005087489704209713
oracle,3,121,0.023,0.006,0.017,0.002400903758337219
oracle,3,122,0.011,0.011,0.0,0.003295740752683884
oracle,3,123,0.004,0.004,0.0,0.0011963624623931078
oracle,3,124,0.006,0.004,0.002,0.0010836828292432614
oracle,3,125,0.011,0.011,0.0,0.0031144784067469577
oracle,3,126,0.006,0.005,0.001,0.00125275076224126
oracle,3,127,0.009,0.009,0.0,0.002695259391911816
oracle,3,128,0.115,0.042,0.073,0.023747288459639124
oracle,3,129,0.006,0.006,0.0,0.0017976577284339239
oracle,3,130,0.098,0.035,0.063,0.01884580832443168
oracle,3,131,0.017,0.016,0.001,0.004752025459162235
oracle,3,132,0.051,0.017,0.034,0.007311396234304894
oracle,3,133,0.007,0.007,0.0,0.0018094405509726896
oracle,3,134,0.08,0.032,0.048,0.014945363506005378
oracle,3,135,0.089,0.032,0.057,0.01756322449897629
oracle,3,136,0.073,0.025,0.048,0.014577329643707847
oracle,3,137,0.006,0.006,0.0,0.001798464669480488
oracle,3,138,0.002,0.002,0.0,0.0005977107249731206
oracle,3,139,0.002,0.002,0.0,0.0005976662400720263
oracle,3,140,0.004,0.004,0.0,0.0011900252133758451
oracle,3,141,0.082,0.03,0.052,0.014351192457915626
oracle,3,142,0.069,0.024,0.045,0.01281280892577239
oracle,3,143,0.008,0.007,0.001,0.001985147575435384
oracle,3,144,0.02,0.002,0.018,0.0037905293563252904
oracle,3,145,0.063,0.022,0.041,0.01019214175317835
oracle,3,146,0.068,0.026,0.042,0.010432382343477013
oracle,3,147,0.266,0.233,0.033,0.07274711074205563
oracle,3,148,0.08,0.032,0.048,0.014851309484819166
oracle,3,149,0.002,0.002,0.0,0.0005859652541394087
oracle,3,150,0.005,0.005,0.0,0.0014138205761006508
oracle,3,151,0.115,0.042,0.073,0.023755509845824037
oracle,3,152,0.01,0.005,0.005,0.0015699085878077205
oracle,3,153,0.005,0.005,0.0,0.0014969367123914639
oracle,3,154,0.079,0.03,0.049,0.015751618570357236
oracle,3,155,0.076,0.027,0.049,0.012948128118190957
oracle,3,156,0.004,0.004,0.0,0.0009463379374477621
oracle,3,157,0.014,0.001,0.013,0.0019360217865356697
oracle,3,158,0.115,0.042,0.073,0.023755405109855687
oracle,3,159,0.002,0.002,0.0,0.0005535103109896571
oracle,3,160,0.103,0.04,0.063,0.019690000936156905
oracle,3,161,0.115,0.042,0.073,0.02375538008390257
oracle,3,162,0.115,0.042,0.073,0.02375522381834398
oracle,3,163,0.054,0.022,0.032,0.009704282397804801
oracle,3,164,0.011,0.001,0.01,0.0013722911426055572
oracle,3,165,0.01,0.001,0.009,0.001072388492090478
oracle,3,166,0.015,0.006,0.009,0.003422482160702847
oracle,3,167,0.115,0.042,0.073,0.023738966339481356
oracle,3,168,0.009,0.001,0.008,0.0009688793456627355
oracle,3,169,0.115,0.042,0.073,0.023584500642038216
oracle,3,170,0.115,0.042,0.073,0.023713652400220473
oracle,3,171,0.013,0.006,0.007,0.0026271855776246467
oracle,3,172,0.115,0.042,0.073,0.02370916758896207
oracle,3,173,0.115,0.042,0.073,0.023634821682057792
oracle,3,174,0.115,0.042,0.073,0.023707294663289444
oracle,3,175,0.058,0.016,0.042,0.008621577674211832
oracle,3,176,0.05,0.018,0.032,0.008253158502450987
oracle,3,177,0.022,0.008,0.014,0.005044649135866121
oracle,3,178,0.11,0.038,0.072,0.0207901297627634
oracle,3,179,0.074,0.025,0.049,0.013160420872344362
oracle,3,180,0.083,0.026,0.057,0.013627952004512951
oracle,3,181,0.08,0.024,0.056,0.012792360224168778
oracle,3,182,0.003,0.001,0.002,0.0005607879401668197
oracle,3,183,0.005,0.001,0.004,0.0006966861375369144
oracle,3,184,0.005,0.001,0.004,0.0006682843145035302
oracle,3,185,0.051,0.015,0.036,0.007820299215093217
oracle,3,186,0.115,0.042,0.073,0.02364390390883802
oracle,3,187,0.011,0.001,0.01,0.0021399780422561017
oracle,3,188,0.111,0.039,0.072,0.021114794615048157
oracle,3,189,0.007,0.004,0.003,0.0009178755950420724
oracle,3,190,0.049,0.013,0.036,0.00688717918273335
oracle,3,191,0.05,0.013,0.037,0.00657536676710677
oracle,3,192,0.01,0.001,0.009,0.00133120908723019
oracle,3,193,0.049,0.013,0.036,0.006236989253680889
oracle,3,194,0.038,0.009,0.029,0.004412845787013186
oracle,3,195,0.01,0.009,0.001,0.0022206133257222285
oracle,3,196,0.048,0.016,0.032,0.006982114302063147
oracle,3,197,0.065,0.02,0.045,0.010935699775521588
oracle,3,198,0.054,0.016,0.038,0.007572232981731358
oracle,3,199,0.045,0.013,0.032,0.006333797496247144
oracle,3,200,0.013,0.008,0.005,0.002707801268135783
oracle,3,201,0.072,0.019,0.053,0.011865201557848405
oracle,3,202,0.039,0.013,0.026,0.005604669251438236
oracle,3,203,0.009,0.007,0.002,0.002075056253503529
oracle,3,204,0.01,0.008,0.002,0.002368265378406669
oracle,3,205,0.028,0.008,0.02,0.0034395987727816064
oracle,3,206,0.057,0.018,0.039,0.008679315401848938
oracle,3,207,0.011,0.003,0.008,0.0013742076551035126
oracle,3,208,0.006,0.005,0.001,0.0014198818629153087
oracle,3,209,0.048,0.016,0.032,0.006632709068793402
oracle,3,210,0.027,0.007,0.02,0.0035538829571410105
oracle,3,211,0.018,0.015,0.003,0.003914268275053658
oracle,3,212,0.016,0.014,0.002,0.004008930072141413
oracle,3,213,0.035,0.011,0.024,0.004574420092695654
oracle,3,214,1.0,1.0,0.0,0.29999943678035385
oracle,3,215,0.071,0.022,0.049,0.011419610595474533
oracle,3,216,0.014,0.005,0.009,0.0015076830409202085
oracle,3,217,0.031,0.009,0.022,0.0044347761885453335
oracle,3,218,0.063,0.021,0.042,0.011730177765616186
oracle,3,219,0.021,0.018,0.003,0.004928816675389392
oracle,3,220,0.007,0.005,0.002,0.001104224861969831
oracle,3,221,0.042,0.011,0.031,0.0052124056900586645
oracle,3,222,0.117,0.044,0.073,0.024228767467308475
oracle,3,223,0.04,0.011,0.029,0.006136341728877625
oracle,3,224,0.021,0.01,0.011,0.002582673150673423
oracle,3,225,0.042,0.01,0.032,0.005272875799202915
oracle,3,226,0.044,0.015,0.029,0.00668755256641991
oracle,3,227,0.042,0.013,0.029,0.004903998921482927
oracle,3,228,0.027,0.017,0.01,0.003912984157921232
oracle,3,229,0.005,0.004,0.001,0.0012049755465708392
oracle,3,230,0.009,0.004,0.005,0.001309202337658057
oracle,3,231,0.053,0.026,0.027,0.0097342200062137
oracle,3,232,0.008,0.004,0.004,0.0010120287732581033
oracle,3,233,0.044,0.015,0.029,0.007057042465505363
oracle,3,234,0.008,0.004,0.004,0.0010620726043524475
oracle,3,235,0.017,0.003,0.014,0.0024955645002660417
oracle,3,236,0.021,0.004,0.017,0.0029827951497556535
oracle,3,237,0.043,0.014,0.029,0.0067878708857476815
oracle,3,238,0.051,0.018,0.033,0.008222187267090031
oracle,3,239,0.038,0.012,0.026,0.004698938107734913
oracle,3,240,0.039,0.011,0.028,0.005952148755104728
oracle,3,241,0.034,0.009,0.025,0.004145327131280582
oracle,3,242,0.041,0.012,0.029,0.004251844671829661
oracle,3,243,0.051,0.017,0.034,0.008370810301343264
oracle,3,244,0.029,0.005,0.024,0.003936081369118876
oracle,3,245,0.051,0.018,0.033,0.008779868423500183
oracle,3,246,0.05,0.017,0.033,0.008861454862675339
oracle,3,247,1.0,1.0,0.0,0.29999995953865555
oracle,3,248,0.039,0.01,0.029,0.004977200218271498
oracle,3,249,0.009,0.008,0.001,0.002411781399766266
oracle,3,250,0.115,0.042,0.073,0.023755520924367026
oracle,3,251,0.115,0.042,0.073,0.023755520924367026
oracle,4,0,0.165,0.103,0.062,0.03265635680345425
oracle,4,1,0.235,0.148,0.087,0.056724901389896096
oracle,4,2,0.263,0.168,0.095,0.06882716050621669
oracle,4,3,0.261,0.164,0.097,0.06630800279574378
oracle,4,4,0.258,0.163,0.095,0.06582513328319659
oracle,4,5,0.178,0.106,0.072,0.039321101154997325
oracle,4,6,0.221,0.134,0.087,0.04919035893534545
oracle,4,7,0.032,0.031,0.001,0.006463549941551078
oracle,4,8,0.173,0.104,0.069,0.03565602776204164
oracle,4,9,0.184,0.109,0.075,0.03990424932551191
oracle,4,10,1.0,1.0,0.0,0.30000000000000565
oracle,4,11,0.027,0.027,0.0,0.005442117194165362
oracle,4,12,0.19,0.116,0.074,0.03987072582951807
oracle,4,13,0.023,0.023,0.0,0.005141725837951846
oracle,4,14,0.022,0.022,0.0,0.005833352491095026
oracle,4,15,0.091,0.059,0.032,0.011737973174889976
oracle,4,16,0.034,0.033,0.001,0.008339792208213546
oracle,4,17,0.261,0.164,0.097,0.06970008637950767
oracle,4,18,0.054,0.045,0.009,0.008252911210628565
oracle,4,19,1.0,1.0,0.0,0.2999972652968565
oracle,4,20,0.214,0.133,0.081,0.04744120936773876
oracle,4,21,0.047,0.044,0.003,0.00968177642187572
oracle,4,22,0.132,0.083,0.049,0.020236423193412817
oracle,4,23,0.051,0.043,0.008,0.008004473993541476
oracle,4,24,0.032,0.029,0.003,0.005193421593755237
oracle,4,25,0.12,0.077,0.043,0.018601940918810147
oracle,4,26,0.017,0.017,0.0,0.004446626559176968
oracle,4,27,0.268,0.17,0.098,0.07079068357779346
oracle,4,28,0.233,0.148,0.085,0.05186918658779937
oracle,4,29,0.077,0.058,0.019,0.012183331905820851
oracle,4,30,0.033,0.028,0.005,0.004317302246047739
oracle,4,31,0.229,0.141,0.088,0.051956893351668115
oracle,4,32,0.033,0.029,0.004,0.004420696436896002
oracle,4,33,0.023,0.022,0.001,0.0038336305862389356
oracle,4,34,0.017,0.017,0.0,0.004533197645101412
oracle,4,35,0.15,0.091,0.059,0.029424220937291832
oracle,4,36,0.098,0.057,0.041,0.014196740990784168
oracle,4,37,0.131,0.079,0.052,0.022170728521202058
oracle,4,38,0.119,0.073,0.046,0.018091411341745144
oracle,4,39,0.254,0.157,0.097,0.0644788338293508
oracle,4,40,0.081,0.055,0.026,0.009899155135847177
oracle,4,41,0.015,0.015,0.0,0.003855537850726573
oracle,4,42,0.07,0.048,0.022,0.009556338883531265
oracle,4,43,1.0,1.0,0.0,0.30000000000000565
oracle,4,44,0.014,0.014,0.0,0.0034182727265455555
oracle,4,45,0.032,0.028,0.004,0.004118730995052431
oracle,4,46,0.174,0.104,0.07,0.036008634337526116
oracle,4,47,0.014,0.014,0.0,0.00333315487285944
oracle,4,48,0.251,0.157,0.094,0.06297869252858448
oracle,4,49,1.0,1.0,0.0,0.30000000000000565
oracle,4,50,0.249,0.156,0.093,0.06214041821728424
oracle,4,51,0.044,0.037,0.007,0.005722823171495905
oracle,4,52,0.049,0.038,0.011,0.006038492281905118
oracle,4,53,0.264,0.165,0.099,0.06885620076781321
oracle,4,54,0.246,0.153,0.093,0.06145295637847891
oracle,4,55,0.044,0.032,0.012,0.00460692238483278
oracle,4,56,0.252,0.162,0.09,0.06419920894216474
oracle,4,57,0.043,0.036,0.007,0.005779925558663759
oracle,4,58,0.031,0.028,0.003,0.004089176874608417
oracle,4,59,0.254,0.157,0.097,0.06488407546111204
oracle,4,60,0.048,0.036,0.012,0.005810174588749493
oracle,4,61,0.083,0.053,0.03,0.011786013173741745
oracle,4,62,0.145,0.089,0.056,0.02879724066078893
oracle,4,63,0.241,0.148,0.093,0.05791874131333402
oracle,4,64,0.149,0.091,0.058,0.026624301361747035
oracle,4,65,0.052,0.037,0.015,0.006331891476633594
oracle,4,66,0.052,0.038,0.014,0.006301686804900736
oracle,4,67,0.035,0.028,0.007,0.0040934365812413265
oracle,4,68,0.176,0.106,0.07,0.03455404552486995
oracle,4,69,0.269,0.169,0.1,0.0710361845563097
oracle,4,70,0.134,0.081,0.053,0.019660686247937625
oracle,4,71,0.048,0.035,0.013,0.005999379395914927
oracle,4,72,0.115,0.072,0.043,0.016740193373460232
oracle,4,73,0.081,0.055,0.026,0.010880772868834513
oracle,4,74,0.138,0.081,0.057,0.027097835261969464
oracle,4,75,0.051,0.039,0.012,0.0065111212025603035
oracle,4,76,0.05,0.039,0.011,0.006483966344851405
oracle,4,77,0.105,0.064,0.041,0.017033508891458812
oracle,4,78,0.111,0.063,0.048,0.0169207339583246
oracle,4,79,0.195,0.124,0.071,0.043029341639654196
oracle,4,80,0.012,0.012,0.0,0.002768307545112146
oracle,4,81,0.026,0.021,0.005,0.0040990280533482705
oracle,4,82,0.057,0.037,0.02,0.005901033485960072
oracle,4,83,0.014,0.014,0.0,0.002957778288866072
oracle,4,84,0.176,0.107,0.069,0.03841493122205534
oracle,4,85,0.125,0.079,0.046,0.023475016237286365
oracle,4,86,0.034,0.03,0.004,0.005333537485831455
oracle,4,87,0.238,0.157,0.081,0.055457877542865415
oracle,4,88,0.048,0.034,0.014,0.004594520605530942
oracle,4,89,0.199,0.118,0.081,0.04284830775753456
oracle,4,90,0.051,0.038,0.013,0.006806900961955151
oracle,4,91,0.035,0.033,0.002,0.006104908106644051
oracle,4,92,0.014,0.013,0.001,0.0025428429222964337
oracle,4,93,0.014,0.013,0.001,0.0025454030267666817
oracle,4,94,0.061,0.037,0.024,0.007133313855994203
oracle,4,95,0.018,0.016,0.002,0.003071509185816301
oracle,4,96,0.014,0.014,0.0,0.002875971844299867
oracle,4,97,0.238,0.158,0.08,0.05607035576169477
oracle,4,98,0.219,0.137,0.082,0.05116958034439667
oracle,4,99,0.068,0.042,0.026,0.008211077455222732
oracle,4,100,0.04,0.027,0.013,0.0035114123466901837
oracle,4,101,0.066,0.042,0.024,0.008484949721355835
oracle,4,102,0.249,0.154,0.095,0.06017697492528419
oracle,4,103,0.074,0.051,0.023,0.01049452862797899
oracle,4,104,0.06,0.036,0.024,0.007437782831334418
oracle,4,105,0.135,0.085,0.05,0.023006400366282896
oracle,4,106,0.009,0.009,0.0,0.002391882049338606
oracle,4,107,0.041,0.036,0.005,0.007144084501534658
oracle,4,108,0.009,0.009,0.0,0.0024005520145674512
oracle,4,109,0.066,0.046,0.02,0.009141238645460667
oracle,4,110,0.045,0.036,0.009,0.007032153050260039
oracle,4,111,0.269,0.169,0.1,0.07036617900705329
oracle,4,112,0.009,0.008,0.001,0.0017864877680897695
oracle,4,113,0.065,0.042,0.023,0.008930593245962083
oracle,4,114,0.015,0.014,0.001,0.002327892192291723
oracle,4,115,0.012,0.012,0.0,0.0029225028258476333
oracle,4,116,0.014,0.013,0.001,0.002350914740001117
oracle,4,117,0.06,0.042,0.018,0.0083971579645225
oracle,4,118,0.27,0.17,0.1,0.07163522154903598
oracle,4,119,0.144,0.085,0.059,0.02677347679248242
oracle,4,120,0.02,0.02,0.0,0.005444736538018218
oracle,4,121,0.11,0.069,0.041,0.017752727652773855
oracle,4,122,0.015,0.015,0.0,0.003652250173844144
oracle,4,123,0.008,0.006,0.002,0.0017278659648153562
oracle,4,124,0.043,0.034,0.009,0.004936949234165544
oracle,4,125,0.02,0.019,0.001,0.0038492692292937227
oracle,4,126,0.052,0.04,0.012,0.006142140649056268
oracle,4,127,0.014,0.013,0.001,0.003088714284033271
oracle,4,128,0.27,0.17,0.1,0.0716510229954962
oracle,4,129,0.02,0.019,0.001,0.0028734934236108577
oracle,4,130,0.246,0.154,0.092,0.06133719076226241
oracle,4,131,0.057,0.046,0.011,0.008427940876809493
oracle,4,132,0.168,0.103,0.065,0.03359155116961938
oracle,4,133,0.01,0.009,0.001,0.0022599910194930363
oracle,4,134,0.22,0.136,0.084,0.049568828386738865
oracle,4,135,0.237,0.148,0.089,0.05738518127348668
oracle,4,136,0.206,0.129,0.077,0.050159538388374045
oracle,4,137,0.019,0.016,0.003,0.0027985358775269027
oracle,4,138,0.009,0.007,0.002,0.0013519815393577392
oracle,4,139,0.011,0.008,0.003,0.0013954392780025056
oracle,4,140,0.015,0.011,0.004,0.0020621325419499935
oracle,4,141,0.214,0.13,0.084,0.046905223504248646
oracle,4,142,0.208,0.131,0.077,0.044782458212979534
oracle,4,143,0.051,0.04,0.011,0.005964755231701914
oracle,4,144,0.104,0.053,0.051,0.014596542926819769
oracle,4,145,0.176,0.11,0.066,0.03743050711967362
oracle,4,146,0.185,0.114,0.071,0.041395611240452955
oracle,4,147,0.347,0.29,0.057,0.09405530112113467
oracle,4,148,0.215,0.136,0.079,0.05060245435218788
oracle,4,149,0.015,0.011,0.004,0.001615811709678862
oracle,4,150,0.03,0.026,0.004,0.0032359851307862215
oracle,4,151,0.27,0.17,0.1,0.0716670049768098
oracle,4,152,0.055,0.042,0.013,0.005937401229983592
oracle,4,153,0.026,0.025,0.001,0.0030099085099952417
oracle,4,154,0.212,0.144,0.068,0.04656342432400367
oracle,4,155,0.202,0.123,0.079,0.04661866371969686
oracle,4,156,0.013,0.012,0.001,0.0015597558877712696
oracle,4,157,0.076,0.042,0.034,0.009321936874726997
oracle,4,158,0.27,0.17,0.1,0.07166679018029451
oracle,4,159,0.015,0.012,0.003,0.0015805643235538222
oracle,4,160,0.24,0.151,0.089,0.05897603575010246
oracle,4,161,0.27,0.17,0.1,0.07166673927228519
oracle,4,162,0.27,0.17,0.1,0.07166641752591374
oracle,4,163,0.154,0.097,0.057,0.028626739300814375
oracle,4,164,0.067,0.041,0.026,0.008199103818294069
oracle,4,165,0.066,0.042,0.024,0.007580233477289315
oracle,4,166,0.086,0.049,0.037,0.011913519618613382
oracle,4,167,0.27,0.17,0.1,0.07165200816742454
oracle,4,168,0.064,0.042,0.022,0.0074460301453880785
oracle,4,169,0.269,0.169,0.1,0.07130769200145094
oracle,4,170,0.27,0.17,0.1,0.07159853817685125
oracle,4,171,0.044,0.029,0.015,0.005218970625472106
oracle,4,172,0.27,0.17,0.1,0.07159124055793671
oracle,4,173,0.269,0.169,0.1,0.0714197691170275
oracle,4,174,0.27,0.17,0.1,0.07158871033991632
oracle,4,175,0.181,0.108,0.073,0.03623812093157962
oracle,4,176,0.156,0.093,0.063,0.0302449603214715
oracle,4,177,0.092,0.053,0.039,0.013268043921324062
oracle,4,178,0.258,0.161,0.097,0.06573518612421601
oracle,4,179,0.21,0.128,0.082,0.04749557979159934
oracle,4,180,0.22,0.131,0.089,0.049760700225737954
oracle,4,181,0.213,0.128,0.085,0.04780141182232005
oracle,4,182,0.03,0.024,0.006,0.002598007934854573
oracle,4,183,0.031,0.023,0.008,0.002774077236663987
oracle,4,184,0.032,0.024,0.008,0.002753486381847492
oracle,4,185,0.171,0.097,0.074,0.034336757079643405
oracle,4,186,0.269,0.169,0.1,0.07146314208630772
oracle,4,187,0.066,0.039,0.027,0.006986344594662593
oracle,4,188,0.257,0.16,0.097,0.06609952246939757
oracle,4,189,0.038,0.023,0.015,0.004747954943268136
oracle,4,190,0.15,0.085,0.065,0.03165939418318568
oracle,4,191,0.154,0.088,0.066,0.03110340152732797
oracle,4,192,0.044,0.024,0.02,0.004183669792670484
oracle,4,193,0.162,0.095,0.067,0.032372303815653126
oracle,4,194,0.14,0.087,0.053,0.025857593388538023
oracle,4,195,0.068,0.047,0.021,0.008881308162658138
oracle,4,196,0.166,0.101,0.065,0.0339513206515597
oracle,4,197,0.195,0.117,0.078,0.04237691972869642
oracle,4,198,0.18,0.106,0.074,0.03381343425795998
oracle,4,199,0.159,0.095,0.064,0.03227933883559438
oracle,4,200,0.075,0.057,0.018,0.010497548020379922
oracle,4,201,0.198,0.116,0.082,0.04207076537553416
oracle,4,202,0.142,0.086,0.056,0.022978058609939803
oracle,4,203,0.068,0.047,0.021,0.008924649121257965
oracle,4,204,0.067,0.048,0.019,0.009093839896848959
oracle,4,205,0.104,0.066,0.038,0.01603853273470431
oracle,4,206,0.178,0.103,0.075,0.038263542951676256
oracle,4,207,0.077,0.052,0.025,0.010268818071027846
oracle,4,208,0.043,0.033,0.01,0.005435371036886849
oracle,4,209,0.163,0.103,0.06,0.03169568799833555
oracle,4,210,0.128,0.079,0.049,0.021388607281462132
oracle,4,211,0.071,0.052,0.019,0.010576311187431403
oracle,4,212,0.069,0.052,0.017,0.010053622377904017
oracle,4,213,0.131,0.08,0.051,0.021844943165079084
oracle,4,214,1.0,1.0,0.0,0.2999995588663453
oracle,4,215,0.201,0.122,0.079,0.04453158064666976
oracle,4,216,0.073,0.047,0.026,0.00969516696114459
oracle,4,217,0.124,0.07,0.054,0.02142296778998483
oracle,4,218,0.203,0.123,0.08,0.04458186994385031
oracle,4,219,0.076,0.056,0.02,0.011278291066246325
oracle,4,220,0.062,0.042,0.02,0.008305949180025479
oracle,4,221,0.135,0.078,0.057,0.026731919165400644
oracle,4,222,0.272,0.172,0.1,0.07218799107321858
oracle,4,223,0.148,0.083,0.065,0.029210748324302083
oracle,4,224,0.089,0.056,0.033,0.014084049824287358
oracle,4,225,0.134,0.077,0.057,0.02645159771789116
oracle,4,226,0.148,0.089,0.059,0.02653965708994554
oracle,4,227,0.134,0.081,0.053,0.022352757590688416
oracle,4,228,0.075,0.056,0.019,0.013052950613683698
oracle,4,229,0.053,0.037,0.016,0.0075569896072527
oracle,4,230,0.07,0.05,0.02,0.009253928938827148
oracle,4,231,0.146,0.087,0.059,0.02832383133868297
oracle,4,232,0.068,0.049,0.019,0.00914453065736912
oracle,4,233,0.144,0.081,0.063,0.027983303471780997
oracle,4,234,0.07,0.049,0.021,0.009097552518496052
oracle,4,235,0.097,0.062,0.035,0.015063743769885729
oracle,4,236,0.107,0.067,0.04,0.01790701796915142
oracle,4,237,0.152,0.093,0.059,0.02780378272364112
oracle,4,238,0.16,0.095,0.065,0.03149776394989388
oracle,4,239,0.134,0.08,0.054,0.02202280391796607
oracle,4,240,0.139,0.079,0.06,0.026716103398364145
oracle,4,241,0.132,0.083,0.049,0.02165648109812195
oracle,4,242,0.137,0.082,0.055,0.02273908048891196
oracle,4,243,0.169,0.099,0.07,0.033504464345561445
oracle,4,244,0.124,0.07,0.054,0.023016036003951367
oracle,4,245,0.183,0.108,0.075,0.03444735463818583
oracle,4,246,0.184,0.111,0.073,0.03475823515683453
oracle,4,247,1.0,1.0,0.0,0.2999998453040472
oracle,4,248,0.142,0.086,0.056,0.02532678727428339
oracle,4,249,0.031,0.028,0.003,0.004089176874608417
oracle,4,250,0.27,0.17,0.1,0.07166702714934924
oracle,4,251,0.27,0.17,0.1,0.07166702714934924
